bmw,bmw-e36-m3-3-0,BMW E36 M3 3.0 Front Strut Bar / Front Tower Bar,,,,http://ultraracing.my/ecatalog/index.php/product/bmw-e36-m3-3-0-front-strut-bar-front-tower-bar/
bmw,bmw-e37-z3-1-9-roadster-2wd-1995,BMW E37 Z3 1.9 (Roadster) 2WD (1995) Rear Member Brace / Rear Lower Bar,URTW-LA4-2972,4 Points,Front Member Brace / Front Lower Bar	Code: URTW-LA4-2972	Specification: 4 Points	Remark: For Manual Transmission	(Fabrication based on Taiwan models)	Front Strut Bar / Front Upper Brace / Front Tower Bar	Code: URTW-TW2-2971	Specification: 2 Points	Remark: For Manual Transmission	(Fabrication based on Taiwan models)	Middle Member Brace / Middle Lower Bar	Code: URTW-ML2-2973	Specification: 2 Points	Remark: For Manual Transmission	(Fabrication based on Taiwan models),http://ultraracing.my/ecatalog/index.php/product/bmw-e37-z3-1-9-roadster-2wd-1995-rear-member-brace-rear-lower-bar/
bmw,bmw-e36-3-series,BMW E36 3 Series Room Bar / Rear Cross Bar,UR-LA4-1278,4 Points (For 325 Only),Front Lower Bar / Front Member Brace	Code: UR-LA4-1278	Specification: 4 Points (For 325 Only)	Front Anti-roll Bar / Front Sway Bar / Front Stabilizer Bar	Code: UR-AR28-278	Specification: 28mm solid with Polyurethane Bushing (Standard 24mm Solid)	Front Lower Bar / Front Member Brace	Code: UR-LA4-940	Specification: 4 Points (For 328 / 318 Only)	Front Strut Bar / Front Tower Bar	Code: UR-TW2-100	Specification: 2 points (For 318 Timing Belt Only),http://ultraracing.my/ecatalog/index.php/product/bmw-e36-3-series-room-bar-rear-cross-bar-2/
bmw,bmw-e30-3-series,BMW E30 3 Series Rear Upper Brace / C Pillar Bar / Rear Upper Bar,UR-AR20-103,20mm solid with Polyurethane Bushing (Standard 18mm solid),Front Anti-roll Bar / Front Sway Bar / Front Stabilizer Bar	Code: UR-AR20-103	Specification: 20mm solid with Polyurethane Bushing (Standard 18mm solid)	Front Anti-roll Bar / Front Sway Bar / Front Stabilizer Bar	Code: UR-AR23-224	Specification: 23mm solid with Polyurethane Bushing (Standard 18mm solid)	Front Lower Bar / Front Member Brace	Code: UR-LA4-1082	Specification: 4 Points (Only For Vehicles with Power Steering)	Remark: For 4 Doors Only	Front Lower Bar / Front Member Brace	Code: UR-LA4-2841	Specification: 4 Points	Remark: For 2 Doors Only,http://ultraracing.my/ecatalog/index.php/product/bmw-e30-3-series-rear-upper-brace-c-pillar-bar-rear-upper-bar/
bmw,bmw-e38-7-series,BMW E38 7 Series Front Strut Bar / Front Tower Bar,,,,http://ultraracing.my/ecatalog/index.php/product/bmw-e38-7-series-front-strut-bar-front-tower-bar/
bmw,bmw-e32-7-series,BMW E32 7 Series Front Strut Bar / Front Tower Bar,UR-LA2-492,,Front Lower Bar / Front Member Brace	Code: UR-LA2-492	Specification: 2 Points,http://ultraracing.my/ecatalog/index.php/product/bmw-e32-7-series-front-strut-bar-front-tower-bar/
audi-2,audi-tt-8n-1-8t-1998,Audi TT 8N 1.8T (1998) Rear Strut Bar / Rear Tower Bar,UR-ML2-2091,2 Points,Middle Lower Bar / Middle Member Brace	Code: UR-ML2-2091	Specification: 2 Points	Front Lower Bar / Front Member Brace	Code: UR-LA2-2090	Specification: 2 Points	Rear Anti-roll Bar / Rear Sway Bar / Rear Stabilizer Bar	Code: UR-AR18-321	Specification: 18mm Solid	Remark: For 2WD Only,http://ultraracing.my/ecatalog/index.php/product/audi-tt-8n-1-8t-1998-rear-strut-bar-rear-tower-bar/
bmw,bmw-e34-5-series,BMW E34 5 Series Rear Sway Bar / Rear Stabilizer Bar / Rear Anti-roll Bar,UR-AR28-499,28mm Solid,Front Sway Bar / Front Stabilizer Bar / Front Anti-roll Bar	Code: UR-AR28-499	Specification: 28mm Solid	Front Strut Bar / Front Tower Bar	Code: UR-TW2-078	Specification: 2 Points	Remark: For 523i Only	Rear Strut Bar / Rear Tower Bar	Code: UR-RE2-2075	Specification: 2 Points	Front Lower Bar / Front Member Brace	Code: UR-LA2-694	Specification: 2 Points,http://ultraracing.my/ecatalog/index.php/product/bmw-e34-5-series-rear-sway-bar-rear-stabilizer-bar-rear-anti-roll-bar/
acura,acura-rl-ka-9-3-5-v6-2wd-1996,Acura RL (KA-9) 3.5 V6 2WD (1996) Front Strut Bar / Front Tower Bar,URUS-LA4-2362,4 Points,Front Lower Bar / Front Member Brace	Code: URUS-LA4-2362	Specification: 4 Points	(Fabrication based on USA models),http://ultraracing.my/ecatalog/index.php/product/acura-rl-ka-9-3-5-v6-2wd-1996-front-strut-bar-front-tower-bar/
bmw,bmw-e39-m5-4-9-v8-2wd-1998,BMW E39 M5 4.9 V8 2WD (1998) Rear Member Brace / Rear Lower Bar,URKR-TW2-3061,2 Points,Front Strut Bar / Front Upper Brace / Front Tower Bar	Code: URKR-TW2-3061	Specification: 2 Points	(Fabrication based on Korea models)	Front Member Brace / Front Lower Bar	Code: URKR-LA2-3062	Specification: 2 Points	(Fabrication based on Korea models)	Front Member Brace / Front Lower Bar	Code: URKR-LA2-3063	Specification: 2 Points	(Fabrication based on Korea models)	Rear Member Brace / Rear Lower Bar	Code: URKR-RL4-3064	Specification: 4 Points	(Fabrication based on Korea models)	,http://ultraracing.my/ecatalog/index.php/product/bmw-e39-m5-4-9-v8-2wd-1998-rear-member-brace-rear-lower-bar-2/
bmw,bmw-e39-5-series,BMW E39 5 Series Rear Anti-roll Bar / Rear Sway Bar / Rear Stabilizer Bar,UR-LA4-342,4 Points,Front Lower Bar / Front Member Brace	Code: UR-LA4-342	Specification: 4 Points	Front Anti-roll Bar / Front Sway Bar / Front Stabilizer bar	Code: UR-AR27-284	Specification: 27mm solid with Polyurethane Bushing (Standard 23mm Solid)	Front Strut Bar / Front Tower Bar	Code: UR-TW2-341	Specification: 2 Points,http://ultraracing.my/ecatalog/index.php/product/bmw-e39-5-series-rear-anti-roll-bar-rear-sway-bar-rear-stabilizer-bar/
audi-2,audi-tts-quattro-2008,Audi TTS Quattro (2008) Rear Strut Bar / Rear Tower Bar,UR-AR24-251,24mm Solid with Polyurethane Bushing (Standard 22mm Hollow),Rear Anti-roll Bar / Rear Sway Bar / Rear Stabilizer Bar	Code: UR-AR24-251	Specification: 24mm Solid with Polyurethane Bushing (Standard 22mm Hollow)	Front Strut Bar / Front Tower Bar	Code: UR-TW2-1212	Specification: 2 Points	Front Lower Bar / Front Member Brace	Code: UR-LA4-1209	Specification: 4 Points,http://ultraracing.my/ecatalog/index.php/product/audi-tts-quattro-2008-rear-strut-bar-rear-tower-bar/
bmw,bmw-e28-2-0-2wd-1981,BMW E28 2.0 2WD (1981) Rear Sway Bar / Rear Stabilizer Bar / Rear Anti-roll Bar,,,,http://ultraracing.my/ecatalog/index.php/product/bmw-e28-2-0-2wd-1981-rear-sway-bar-rear-stabilizer-bar-rear-anti-roll-bar/
volvo,volvo-xc90-2-5-2002,Volvo XC90 2.5 (2002) Rear Lower Bar / Rear Member Brace,UR-TW2-1126,,Front Strut Bar / Front Tower Bar	Code: UR-TW2-1126	Specification: 2 Points,http://ultraracing.my/ecatalog/index.php/product/volvo-xc90-2-5-2002-rear-lower-bar-rear-member-brace/
audi-2,audi-sq5-4wd-3-0-tdi-2013,Audi SQ-5 (4WD) 3.0 TDI (2013) Middle Lower Bar / Middle Member Brace,UR-LA4-1195,4 Points,Front Lower Bar / Front Member Brace	Code: UR-LA4-1195	Specification: 4 Points	Rear Torsion Bar / Rear Frame Brace	Code: UR-RT2-1753	Specification: 2 Points	Front Strut Bar / Front Tower Bar	Code: UR-TW2-1752	Specification: 2 Points,http://ultraracing.my/ecatalog/index.php/product/audi-sq-5-4wd-3-0-tdi-2013-middle-lower-bar-middle-member-brace/
volvo,volvo-xc90-2-5-2002,Volvo XC90 2.5 (2002) Front Strut Bar / Front Tower Bar,,,,http://ultraracing.my/ecatalog/index.php/product/volvo-xc90-2-5-2002-front-strut-bar-front-tower-bar/
audi-2,audi-tt-8j-2006,Audi TT 8J (2006) Rear Lower Bar / Rear Member Brace,UR-AR23-138,23mm Solid with Polyurethane Bushing (Standard 23mm Hollow),Rear Anti-roll Bar / Rear Sway Bar / Rear Stabilizer Bar	Code: UR-AR23-138	Specification: 23mm Solid with Polyurethane Bushing (Standard 23mm Hollow)	Front Lower Bar / Front Member Brace	Code: UR-LA4-1209	Specification: 4 Points	Rear Lower Bar / Rear Member Brace	Code: UR-RL2-1211	Specification: 2 Points	Front Strut Bar / Front Tower Bar	Code: UR-TW2-1212	Specification: 2 Points	Remark: For RHD Only,http://ultraracing.my/ecatalog/index.php/product/audi-tt-8j-2006-rear-lower-bar-rear-member-brace-3/
audi-2,audi-sq5-4wd-3-0-tdi-2013,Audi SQ-5 (4WD) 3.0 TDI (2013) Rear Torsion Bar / Rear Frame Brace,UR-ML4-1196,4 Points,Middle Lower Bar / Middle Member Brace	Code: UR-ML4-1196	Specification: 4 Points	Front Lower Bar / Front Member Brace	Code: UR-LA4-1195	Specification: 4 Points	Front Strut Bar / Front Tower Bar	Code: UR-TW2-1752	Specification: 2 Points,http://ultraracing.my/ecatalog/index.php/product/audi-sq-5-4wd-3-0-tdi-2013-rear-torsion-bar-rear-frame-brace/
audi-2,audi-tt-8j-2006,Audi TT 8J (2006) Rear Lower Bar / Rear Member Brace,UR-TW2-1212,2 Points,Front Strut Bar / Front Tower Bar	Code: UR-TW2-1212	Specification: 2 Points	Remark: For RHD Only	Rear Anti-roll Bar / Rear Sway Bar / Rear Stabilizer Bar	Code: UR-AR23-138	Specification: 23mm Solid with Polyurethane Bushing (Standard 23mm Hollow)	Front Lower Bar / Front Member Brace	Code: UR-LA4-1209	Specification: 4 Points	Rear Lower Bar / Rear Member Brace	Code: UR-RL2-1211	Specification: 2 Points,http://ultraracing.my/ecatalog/index.php/product/audi-tt-8j-2006-rear-lower-bar-rear-member-brace-2/
audi-2,audi-tt-8j-2006,Audi TT 8J (2006) Rear Anti-roll Bar / Rear Sway Bar / Rear Stabilizer Bar,UR-RL4-1210,4 Points,Rear Lower Bar / Rear Member Brace	Code: UR-RL4-1210	Specification: 4 Points	Front Lower Bar / Front Member Brace	Code: UR-LA4-1209	Specification: 4 Points	Rear Lower Bar / Rear Member Brace	Code: UR-RL2-1211	Specification: 2 Points	Front Strut Bar / Front Tower Bar	Code: UR-TW2-1212	Specification: 2 Points	Remark: For RHD Only,http://ultraracing.my/ecatalog/index.php/product/audi-tt-8j-2006-rear-anti-roll-bar-rear-sway-bar-rear-stabilizer-bar/
volvo,volvo-xc90-2-5-2002,Volvo XC90 2.5 (2002) Front Lower Bar / Front Member Brace,UR-TW2-1126,,Front Strut Bar / Front Tower Bar	Code: UR-TW2-1126	Specification: 2 Points,http://ultraracing.my/ecatalog/index.php/product/volvo-v60-t4-1-6t-2010-rear-lower-bar-rear-member-brace-copy-copy/
audi-2,audi-tt-8j-2006,Audi TT 8J (2006) Front Lower Bar / Front Member Brace,UR-RL2-1211,2 Points,Rear Lower Bar / Rear Member Brace	Code: UR-RL2-1211	Specification: 2 Points	Rear Anti-roll Bar / Rear Sway Bar / Rear Stabilizer Bar	Code: UR-AR23-138	Specification: 23mm Solid with Polyurethane Bushing (Standard 23mm Hollow)	Rear Lower Bar / Rear Member Brace	Code: UR-RL4-1210	Specification: 4 Points	Front Strut Bar / Front Tower Bar	Code: UR-TW2-1212	Specification: 2 Points	Remark: For RHD Only,http://ultraracing.my/ecatalog/index.php/product/audi-tt-8j-2006-front-lower-bar-front-member-brace/
audi-2,audi-tt-8j-2006,Audi TT 8J (2006) Rear Lower Bar / Rear Member Brace,UR-RL4-1210,4 Points,Rear Lower Bar / Rear Member Brace	Code: UR-RL4-1210	Specification: 4 Points	Front Lower Bar / Front Member Brace	Code: UR-LA4-1209	Specification: 4 Points	Front Strut Bar / Front Tower Bar	Code: UR-TW2-1212	Specification: 2 Points	Remark: For RHD Only	Rear Anti-roll Bar / Rear Sway Bar / Rear Stabilizer Bar	Code: UR-AR23-138	Specification: 23mm Solid with Polyurethane Bushing (Standard 23mm Hollow),http://ultraracing.my/ecatalog/index.php/product/audi-tt-8j-2006-rear-lower-bar-rear-member-brace/
audi-2,audi-sq5-4wd-3-0-tdi-2013,Audi SQ-5 (4WD) 3.0 TDI (2013) Front Strut Bar / Front Tower Bar,UR-LA4-1195,4 Points,Front Lower Bar / Front Member Brace	Code: UR-LA4-1195	Specification: 4 Points	Middle Lower Bar / Middle Member Brace	Code: UR-ML4-1196	Specification: 4 Points	Rear Torsion Bar / Rear Frame Brace	Code: UR-RT2-1753	Specification: 2 Points,http://ultraracing.my/ecatalog/index.php/product/audi-sq-5-4wd-3-0-tdi-2013-front-strut-bar-front-tower-bar/
volvo,volvo-xc90-2-5-2002,Volvo XC90 2.5 (2002) Front Lower Bar / Front Member Brace,UR-TW2-1126,,Front Strut Bar / Front Tower Bar	Code: UR-TW2-1126	Specification: 2 Points,http://ultraracing.my/ecatalog/index.php/product/volvo-xc90-2-5-2002-front-lower-bar-front-member-brace/
audi-2,audi-tts-quattro-2008,Audi TTS Quattro (2008) Rear Lower Bar / Rear Member Brace,UR-TW2-1212,2 Points,Front Strut Bar / Front Tower Bar	Code: UR-TW2-1212	Specification: 2 Points	Front Lower Bar / Front Member Brace	Code: UR-LA4-1209	Specification: 4 Points	Rear Anti-roll Bar / Rear Sway Bar / Rear Stabilizer Bar	Code: UR-AR24-251	Specification: 24mm Solid with Polyurethane Bushing (Standard 22mm Hollow),http://ultraracing.my/ecatalog/index.php/product/audi-tts-quattro-2008-rear-lower-bar-rear-member-brace-4/
audi-2,audi-tt-8j-2006,Audi TT 8J (2006) Front Strut Bar / Front Tower Bar,UR-AR23-138,23mm Solid with Polyurethane Bushing (Standard 23mm Hollow),Rear Anti-roll Bar / Rear Sway Bar / Rear Stabilizer Bar	Code: UR-AR23-138	Specification: 23mm Solid with Polyurethane Bushing (Standard 23mm Hollow)	Rear Lower Bar / Rear Member Brace	Code: UR-RL4-1210	Specification: 4 Points	Rear Lower Bar / Rear Member Brace	Code: UR-RL2-1211	Specification: 2 Points	Front Lower Bar / Front Member Brace	Code: UR-LA4-1209	Specification: 4 Points,http://ultraracing.my/ecatalog/index.php/product/audi-tt-8j-2006-front-strut-bar-front-tower-bar/
audi-2,audi-tts-quattro-2008,Audi TTS quattro (2008) Rear Lower Bar / Rear Member Brace,UR-TW2-1212,2 Points,Front Strut Bar / Front Tower Bar	Code: UR-TW2-1212	Specification: 2 Points	Front Lower Bar / Front Member Brace	Code: UR-LA4-1209	Specification: 4 Points	Rear Anti-roll Bar / Rear Sway Bar / Rear Stabilizer Bar	Code: UR-AR24-251	Specification: 24mm Solid with Polyurethane Bushing (Standard 22mm Hollow),http://ultraracing.my/ecatalog/index.php/product/audi-tts-quattro-2008-rear-lower-bar-rear-member-brace-3/
audi-2,audi-tts-quattro-2008,Audi TTS Quattro (2008) Rear Anti-roll Bar / Rear Sway Bar / Rear Stabilizer Bar,UR-RL4-1435,4 Points,Rear Lower Bar / Rear Member Brace	Code: UR-RL4-1435	Specification: 4 Points	Front Lower Bar / Front Member Brace	Code: UR-LA4-1209	Specification: 4 Points	Front Strut Bar / Front Tower Bar	Code: UR-TW2-1212	Specification: 2 Points	Rear Lower Bar / Rear Member Brace	Code: UR-RL2-988	Specification: 2 Points,http://ultraracing.my/ecatalog/index.php/product/audi-tts-quattro-2008-rear-anti-roll-bar-rear-sway-bar-rear-stabilizer-bar/
audi-2,audi-tts-quattro-2008,Audi TTS Quattro (2008) Front Strut Bar / Front Tower Bar,UR-RL2-988,2 Points,Rear Lower Bar / Rear Member Brace	Code: UR-RL2-988	Specification: 2 Points	Front Lower Bar / Front Member Brace	Code: UR-LA4-1209	Specification: 4 Points	Rear Anti-roll Bar / Rear Sway Bar / Rear Stabilizer Bar	Code: UR-AR24-251	Specification: 24mm Solid with Polyurethane Bushing (Standard 22mm Hollow),http://ultraracing.my/ecatalog/index.php/product/audi-tts-quattro-2008-front-strut-bar-front-tower-bar/
volvo,volvo-xc90-2-5-2002,Volvo XC90 2.5 (2002) Rear Anti-roll Bar / Rear Sway Bar / Rear Stabilizer Bar,UR-TW2-1126,,Front Strut Bar / Front Tower Bar	Code: UR-TW2-1126	Specification: 2 Points,http://ultraracing.my/ecatalog/index.php/product/volvo-xc90-2-5-2002-rear-anti-roll-bar-rear-sway-bar-rear-stabilizer-bar/
audi-2,audi-sq5-4wd-3-0-tdi-2013,Audi SQ-5 (4WD) 3.0 TDI (2013) Front Lower Bar / Front Member Brace,UR-RT2-1753,2 Points,Rear Torsion Bar / Rear Frame Brace	Code: UR-RT2-1753	Specification: 2 Points	Middle Lower Bar / Middle Member Brace	Code: UR-ML4-1196	Specification: 4 Points	Front Strut Bar / Front Tower Bar	Code: UR-TW2-1752	Specification: 2 Points,http://ultraracing.my/ecatalog/index.php/product/audi-sq-5-4wd-3-0-tdi-2013-front-lower-bar-front-member-brace/
audi-2,audi-tt-8n-1-8t-1998,Audi TT 8N 1.8T (1998) Middle Lower Bar / Middle Member Brace,UR-RE2-2089,2 Points,Rear Strut Bar / Rear Tower Bar	Code: UR-RE2-2089	Specification: 2 Points	Rear Anti-roll Bar / Rear Sway Bar / Rear Stabilizer Bar	Code: UR-AR18-321	Specification: 18mm Solid	Remark: For 2WD Only	Front Lower Bar / Front Member Brace	Code: UR-LA2-2090	Specification: 2 Points,http://ultraracing.my/ecatalog/index.php/product/audi-tt-8n-1-8t-1998-middle-lower-bar-middle-member-brace/
audi-2,audi-tts-quattro-2008,Audi TTS Quattro (2008) Front Lower Bar / Front Member Brace,UR-AR24-251,24mm Solid with Polyurethane Bushing (Standard 22mm Hollow),Rear Anti-roll Bar / Rear Sway Bar / Rear Stabilizer Bar	Code: UR-AR24-251	Specification: 24mm Solid with Polyurethane Bushing (Standard 22mm Hollow)	Front Strut Bar / Front Tower Bar	Code: UR-TW2-1212	Specification: 2 Points	Rear Lower Bar / Rear Member Brace	Code: UR-RL2-988	Specification: 2 Points,http://ultraracing.my/ecatalog/index.php/product/audi-tts-quattro-2008-front-lower-bar-front-member-brace/
audi-2,audi-tts-quattro-2008,Audi TTS Quattro (2008) Rear Lower Bar / Rear Member Brace,UR-LA4-1209,4 Points,Front Lower Bar / Front Member Brace	Code: UR-LA4-1209	Specification: 4 Points	Front Strut Bar / Front Tower Bar	Code: UR-TW2-1212	Specification: 2 Points	Rear Anti-roll Bar / Rear Sway Bar / Rear Stabilizer Bar	Code: UR-AR24-251	Specification: 24mm Solid with Polyurethane Bushing (Standard 22mm Hollow),http://ultraracing.my/ecatalog/index.php/product/audi-tts-quattro-2008-rear-lower-bar-rear-member-brace/
audi-2,audi-tts-quattro-2008,Audi TTS Quattro (2008) Rear Lower Bar / Rear Member Brace,UR-LA4-1209,4 Points,Front Lower Bar / Front Member Brace	Code: UR-LA4-1209	Specification: 4 Points	Front Strut Bar / Front Tower Bar	Code: UR-TW2-1212	Specification: 2 Points	Rear Anti-roll Bar / Rear Sway Bar / Rear Stabilizer Bar	Code: UR-AR24-251	Specification: 24mm Solid with Polyurethane Bushing (Standard 22mm Hollow),http://ultraracing.my/ecatalog/index.php/product/audi-tts-quattro-2008-rear-lower-bar-rear-member-brace-2/
bmw,bmw-e39-m5-4-9-v8-2wd-1998,BMW E39 M5 4.9 V8 2WD (1998) Rear Member Brace / Rear Lower Bar,URKR-RL2-3065,2 Points,Rear Member Brace / Rear Lower Bar	Code: URKR-RL2-3065	Specification: 2 Points	(Fabrication based on Korea models)	Front Strut Bar / Front Upper Brace / Front Tower Bar	Code: URKR-TW2-3061	Specification: 2 Points	(Fabrication based on Korea models)	Front Member Brace / Front Lower Bar	Code: URKR-LA2-3063	Specification: 2 Points	(Fabrication based on Korea models)	Front Member Brace / Front Lower Bar	Code: URKR-LA2-3062	Specification: 2 Points	(Fabrication based on Korea models),http://ultraracing.my/ecatalog/index.php/product/bmw-e39-m5-4-9-v8-2wd-1998-rear-member-brace-rear-lower-bar/
audi-2,audi-tt-8n-1-8t-1998,Audi TT 8N 1.8T (1998) Front Lower Bar / Front Member Brace,UR-AR18-321,18mm Solid,Rear Anti-roll Bar / Rear Sway Bar / Rear Stabilizer Bar	Code: UR-AR18-321	Specification: 18mm Solid	Remark: For 2WD Only	Middle Lower Bar / Middle Member Brace	Code: UR-ML2-2091	Specification: 2 Points	Rear Strut Bar / Rear Tower Bar	Code: UR-RE2-2089	Specification: 2 Points,http://ultraracing.my/ecatalog/index.php/product/audi-tt-8n-1-8t-1998-front-lower-bar-front-member-brace/
bmw,bmw-e39-m5-4-9-v8-2wd-1998,BMW E39 M5 4.9 V8 2WD (1998) Front Member Brace / Front Lower Bar,URKR-RL4-3064,4 Points,Rear Member Brace / Rear Lower Bar	Code: URKR-RL4-3064	Specification: 4 Points	(Fabrication based on Korea models)		Front Strut Bar / Front Upper Brace / Front Tower Bar	Code: URKR-TW2-3061	Specification: 2 Points	(Fabrication based on Korea models)	Rear Member Brace / Rear Lower Bar	Code: URKR-RL2-3065	Specification: 2 Points	(Fabrication based on Korea models)	Front Member Brace / Front Lower Bar	Code: URKR-LA2-3063	Specification: 2 Points	(Fabrication based on Korea models),http://ultraracing.my/ecatalog/index.php/product/bmw-e39-m5-4-9-v8-2wd-1998-front-member-brace-front-lower-bar/
bmw,bmw-e30-3-series,BMW E30 3 Series Rear Strut Bar / Rear Tower Bar,UR-LA4-1082,4 Points (Only For Vehicles with Power Steering),Front Lower Bar / Front Member Brace	Code: UR-LA4-1082	Specification: 4 Points (Only For Vehicles with Power Steering)	Remark: For 4 Doors Only	Front Lower Bar / Front Member Brace	Code: UR-LA4-2841	Specification: 4 Points	Remark: For 2 Doors Only	Front Anti-roll Bar / Front Sway Bar / Front Stabilizer Bar	Code: UR-AR23-224	Specification: 23mm solid with Polyurethane Bushing (Standard 18mm solid)	Front Anti-roll Bar / Front Sway Bar / Front Stabilizer Bar	Code: UR-AR20-103	Specification: 20mm solid with Polyurethane Bushing (Standard 18mm solid),http://ultraracing.my/ecatalog/index.php/product/bmw-e30-3-series-rear-strut-bar-rear-tower-bar/
bmw,bmw-e39-m5-4-9-v8-2wd-1998,BMW E39 M5 4.9 V8 2WD (1998) Front Strut Bar / Front Upper Brace / Front Tower Bar,URKR-LA2-3063,2 Points,Front Member Brace / Front Lower Bar	Code: URKR-LA2-3063	Specification: 2 Points	(Fabrication based on Korea models)	Rear Member Brace / Rear Lower Bar	Code: URKR-RL4-3064	Specification: 4 Points	(Fabrication based on Korea models)		Rear Member Brace / Rear Lower Bar	Code: URKR-RL2-3065	Specification: 2 Points	(Fabrication based on Korea models)	Front Member Brace / Front Lower Bar	Code: URKR-LA2-3062	Specification: 2 Points	(Fabrication based on Korea models),http://ultraracing.my/ecatalog/index.php/product/bmw-e39-m5-4-9-v8-2wd-1998-front-strut-bar-front-upper-brace-front-tower-bar/
bmw,bmw-e30-3-series,BMW E30 3 Series Front Strut Bar / Front Tower Bar,UR-AR20-103,20mm solid with Polyurethane Bushing (Standard 18mm solid),Front Anti-roll Bar / Front Sway Bar / Front Stabilizer Bar	Code: UR-AR20-103	Specification: 20mm solid with Polyurethane Bushing (Standard 18mm solid)	Front Lower Bar / Front Member Brace	Code: UR-LA4-1082	Specification: 4 Points (Only For Vehicles with Power Steering)	Remark: For 4 Doors Only	Front Lower Bar / Front Member Brace	Code: UR-LA4-2841	Specification: 4 Points	Remark: For 2 Doors Only	Front Anti-roll Bar / Front Sway Bar / Front Stabilizer Bar	Code: UR-AR23-224	Specification: 23mm solid with Polyurethane Bushing (Standard 18mm solid),http://ultraracing.my/ecatalog/index.php/product/bmw-e30-3-series-front-strut-bar-front-tower-bar-2/
audi-2,audi-tt-8n-1-8t-1998,Audi TT 8N 1.8T (1998) Rear Anti-roll Bar / Rear Sway Bar / Rear Stabilizer Bar,UR-RE2-2089,2 Points,Rear Strut Bar / Rear Tower Bar	Code: UR-RE2-2089	Specification: 2 Points	Middle Lower Bar / Middle Member Brace	Code: UR-ML2-2091	Specification: 2 Points	Front Lower Bar / Front Member Brace	Code: UR-LA2-2090	Specification: 2 Points,http://ultraracing.my/ecatalog/index.php/product/audi-tt-8n-1-8t-1998-rear-anti-roll-bar-rear-sway-bar-rear-stabilizer-bar/
bmw,bmw-e30-3-series,BMW E30 3 Series Front Strut Bar / Front Tower Bar,UR-LA4-1082,4 Points (Only For Vehicles with Power Steering),Front Lower Bar / Front Member Brace	Code: UR-LA4-1082	Specification: 4 Points (Only For Vehicles with Power Steering)	Remark: For 4 Doors Only	Front Anti-roll Bar / Front Sway Bar / Front Stabilizer Bar	Code: UR-AR20-103	Specification: 20mm solid with Polyurethane Bushing (Standard 18mm solid)	Front Anti-roll Bar / Front Sway Bar / Front Stabilizer Bar	Code: UR-AR23-224	Specification: 23mm solid with Polyurethane Bushing (Standard 18mm solid)	Front Lower Bar / Front Member Brace	Code: UR-LA4-2841	Specification: 4 Points	Remark: For 2 Doors Only,http://ultraracing.my/ecatalog/index.php/product/bmw-e30-3-series-front-strut-bar-front-tower-bar/
bmw,bmw-e30-3-series,BMW E30 3 Series Rear Anti-roll Bar / Rear Sway Bar / Rear Stabilizer Bar,UR-LA4-1082,4 Points (Only For Vehicles with Power Steering),Front Lower Bar / Front Member Brace	Code: UR-LA4-1082	Specification: 4 Points (Only For Vehicles with Power Steering)	Remark: For 4 Doors Only	Front Anti-roll Bar / Front Sway Bar / Front Stabilizer Bar	Code: UR-AR20-103	Specification: 20mm solid with Polyurethane Bushing (Standard 18mm solid)	Front Anti-roll Bar / Front Sway Bar / Front Stabilizer Bar	Code: UR-AR23-224	Specification: 23mm solid with Polyurethane Bushing (Standard 18mm solid)	Front Lower Bar / Front Member Brace	Code: UR-LA4-2841	Specification: 4 Points	Remark: For 2 Doors Only,http://ultraracing.my/ecatalog/index.php/product/bmw-e30-3-series-rear-anti-roll-bar-rear-sway-bar-rear-stabilizer-bar/
bmw,bmw-e30-3-series,BMW E30 3 Series Front Lower Bar / Front Member Brace,UR-LA4-1082,4 Points (Only For Vehicles with Power Steering),Front Lower Bar / Front Member Brace	Code: UR-LA4-1082	Specification: 4 Points (Only For Vehicles with Power Steering)	Remark: For 4 Doors Only	Front Strut Bar / Front Tower Bar	Code: UR-TW2-069	Specification: 2 Points	Front Anti-roll Bar / Front Sway Bar / Front Stabilizer Bar	Code: UR-AR20-103	Specification: 20mm solid with Polyurethane Bushing (Standard 18mm solid)	Front Anti-roll Bar / Front Sway Bar / Front Stabilizer Bar	Code: UR-AR23-224	Specification: 23mm solid with Polyurethane Bushing (Standard 18mm solid),http://ultraracing.my/ecatalog/index.php/product/bmw-e30-3-series-front-lower-bar-front-member-brace-2/
bmw,bmw-e39-m5-4-9-v8-2wd-1998,BMW E39 M5 4.9 V8 2WD (1998) Front Member Brace / Front Lower Bar,URKR-RL2-3065,2 Points,Rear Member Brace / Rear Lower Bar	Code: URKR-RL2-3065	Specification: 2 Points	(Fabrication based on Korea models)	Front Member Brace / Front Lower Bar	Code: URKR-LA2-3062	Specification: 2 Points	(Fabrication based on Korea models)	Front Strut Bar / Front Upper Brace / Front Tower Bar	Code: URKR-TW2-3061	Specification: 2 Points	(Fabrication based on Korea models)	Rear Member Brace / Rear Lower Bar	Code: URKR-RL4-3064	Specification: 4 Points	(Fabrication based on Korea models)	,http://ultraracing.my/ecatalog/index.php/product/bmw-e39-m5-4-9-v8-2wd-1998-front-member-brace-front-lower-bar-2/
bmw,bmw-e30-3-series,BMW E30 3 Series Front Lower Bar / Front Member Brace,UR-LA4-2841,4 Points,Front Lower Bar / Front Member Brace	Code: UR-LA4-2841	Specification: 4 Points	Remark: For 2 Doors Only	Front Strut Bar / Front Tower Bar	Code: UR-TW2-069	Specification: 2 Points	Front Anti-roll Bar / Front Sway Bar / Front Stabilizer Bar	Code: UR-AR23-224	Specification: 23mm solid with Polyurethane Bushing (Standard 18mm solid)	Front Anti-roll Bar / Front Sway Bar / Front Stabilizer Bar	Code: UR-AR20-103	Specification: 20mm solid with Polyurethane Bushing (Standard 18mm solid),http://ultraracing.my/ecatalog/index.php/product/bmw-e30-3-series-front-lower-bar-front-member-brace/
bmw,bmw-e39-5-series,BMW E39 5 Series Front Strut Bar / Front Tower Bar,UR-AR27-284,27mm solid with Polyurethane Bushing (Standard 23mm Solid),Front Anti-roll Bar / Front Sway Bar / Front Stabilizer bar	Code: UR-AR27-284	Specification: 27mm solid with Polyurethane Bushing (Standard 23mm Solid)	Front Lower Bar / Front Member Brace	Code: UR-LA4-342	Specification: 4 Points	Rear Anti-roll Bar / Rear Sway Bar / Rear Stabilizer Bar	Code: UR-AR19-107	Specification: 19mm Solid with Polyurethane Bushing (Standard 14.5mm Solid),http://ultraracing.my/ecatalog/index.php/product/bmw-e39-5-series-front-strut-bar-front-tower-bar/
bmw,bmw-e30-3-series,BMW E30 3 Series Front Anti-roll Bar / Front Sway Bar / Front Stabilizer Bar,UR-AR23-224,23mm solid with Polyurethane Bushing (Standard 18mm solid),Front Anti-roll Bar / Front Sway Bar / Front Stabilizer Bar	Code: UR-AR23-224	Specification: 23mm solid with Polyurethane Bushing (Standard 18mm solid)	Front Strut Bar / Front Tower Bar	Code: UR-TW2-069	Specification: 2 Points	Front Lower Bar / Front Member Brace	Code: UR-LA4-2841	Specification: 4 Points	Remark: For 2 Doors Only	Front Lower Bar / Front Member Brace	Code: UR-LA4-1082	Specification: 4 Points (Only For Vehicles with Power Steering)	Remark: For 4 Doors Only,http://ultraracing.my/ecatalog/index.php/product/bmw-e30-3-series-front-anti-roll-bar-front-sway-bar-front-stabilizer-bar/
bmw,bmw-e39-5-series,BMW E39 5 Series Front Anti-roll Bar / Front Sway Bar / Front Stabilizer bar,UR-AR19-107,19mm Solid with Polyurethane Bushing (Standard 14.5mm Solid),Rear Anti-roll Bar / Rear Sway Bar / Rear Stabilizer Bar	Code: UR-AR19-107	Specification: 19mm Solid with Polyurethane Bushing (Standard 14.5mm Solid)	Front Strut Bar / Front Tower Bar	Code: UR-TW2-341	Specification: 2 Points	Front Lower Bar / Front Member Brace	Code: UR-LA4-342	Specification: 4 Points,http://ultraracing.my/ecatalog/index.php/product/bmw-e39-5-series-front-anti-roll-bar-front-sway-bar-front-stabilizer-bar/
bmw,bmw-e39-5-series,BMW E39 5 Series Front Lower Bar / Front Member Brace,UR-TW2-341,2 Points,Front Strut Bar / Front Tower Bar	Code: UR-TW2-341	Specification: 2 Points	Rear Anti-roll Bar / Rear Sway Bar / Rear Stabilizer Bar	Code: UR-AR19-107	Specification: 19mm Solid with Polyurethane Bushing (Standard 14.5mm Solid)	Front Anti-roll Bar / Front Sway Bar / Front Stabilizer bar	Code: UR-AR27-284	Specification: 27mm solid with Polyurethane Bushing (Standard 23mm Solid),http://ultraracing.my/ecatalog/index.php/product/bmw-e39-5-series-front-lower-bar-front-member-brace/
bmw,bmw-e30-3-series,BMW E30 3 Series Front Anti-roll Bar / Front Sway Bar / Front Stabilizer Bar,UR-TW2-069,2 Points,Front Strut Bar / Front Tower Bar	Code: UR-TW2-069	Specification: 2 Points	Front Lower Bar / Front Member Brace	Code: UR-LA4-2841	Specification: 4 Points	Remark: For 2 Doors Only	Front Anti-roll Bar / Front Sway Bar / Front Stabilizer Bar	Code: UR-AR20-103	Specification: 20mm solid with Polyurethane Bushing (Standard 18mm solid)	Front Lower Bar / Front Member Brace	Code: UR-LA4-1082	Specification: 4 Points (Only For Vehicles with Power Steering)	Remark: For 4 Doors Only,http://ultraracing.my/ecatalog/index.php/product/bmw-e30-3-series-front-anti-roll-bar-front-sway-bar-front-stabilizer-bar-2/
bmw,bmw-e34-5-series,BMW E34 5 Series Rear Strut Bar / Rear Tower Bar,UR-AR19-500,19mm Solid,Rear Sway Bar / Rear Stabilizer Bar / Rear Anti-roll Bar	Code: UR-AR19-500	Specification: 19mm Solid	Front Sway Bar / Front Stabilizer Bar / Front Anti-roll Bar	Code: UR-AR28-499	Specification: 28mm Solid	Front Lower Bar / Front Member Brace	Code: UR-LA2-694	Specification: 2 Points	Front Strut Bar / Front Tower Bar	Code: UR-TW2-078	Specification: 2 Points	Remark: For 523i Only,http://ultraracing.my/ecatalog/index.php/product/bmw-e34-5-series-rear-strut-bar-rear-tower-bar/
bmw,bmw-e34-5-series,BMW E34 5 Series Front Lower Bar / Front Member Brace,UR-TW2-078,2 Points,Front Strut Bar / Front Tower Bar	Code: UR-TW2-078	Specification: 2 Points	Remark: For 523i Only	Rear Sway Bar / Rear Stabilizer Bar / Rear Anti-roll Bar	Code: UR-AR19-500	Specification: 19mm Solid	Front Sway Bar / Front Stabilizer Bar / Front Anti-roll Bar	Code: UR-AR28-499	Specification: 28mm Solid	Rear Strut Bar / Rear Tower Bar	Code: UR-RE2-2075	Specification: 2 Points,http://ultraracing.my/ecatalog/index.php/product/bmw-e34-5-series-front-lower-bar-front-member-brace/
bmw,bmw-e36-3-series,BMW E36 3 Series Rear Anti-roll Bar / Rear Sway Bar / Rear Stabilizer Bar,UR-LA4-1278,4 Points (For 325 Only),Front Lower Bar / Front Member Brace	Code: UR-LA4-1278	Specification: 4 Points (For 325 Only)	Front Anti-roll Bar / Front Sway Bar / Front Stabilizer Bar	Code: UR-AR28-278	Specification: 28mm solid with Polyurethane Bushing (Standard 24mm Solid)	Front Strut Bar / Front Tower Bar	Code: UR-TW2-100	Specification: 2 points (For 318 Timing Belt Only)	Front Lower Bar / Front Member Brace	Code: UR-LA4-940	Specification: 4 Points (For 328 / 318 Only),http://ultraracing.my/ecatalog/index.php/product/bmw-e36-3-series-rear-anti-roll-bar-rear-sway-bar-rear-stabilizer-bar/
bmw,bmw-e36-3-series,BMW E36 3 Series Room Bar / Rear Cross Bar,UR-LA4-1278,4 Points (For 325 Only),Front Lower Bar / Front Member Brace	Code: UR-LA4-1278	Specification: 4 Points (For 325 Only)	Front Anti-roll Bar / Front Sway Bar / Front Stabilizer Bar	Code: UR-AR28-278	Specification: 28mm solid with Polyurethane Bushing (Standard 24mm Solid)	Front Strut Bar / Front Tower Bar	Code: UR-TW2-100	Specification: 2 points (For 318 Timing Belt Only)	Front Lower Bar / Front Member Brace	Code: UR-LA4-940	Specification: 4 Points (For 328 / 318 Only),http://ultraracing.my/ecatalog/index.php/product/bmw-e36-3-series-room-bar-rear-cross-bar/
bmw,bmw-e34-5-series,BMW E34 5 Series Front Strut Bar / Front Tower Bar,UR-LA2-694,2 Points,Front Lower Bar / Front Member Brace	Code: UR-LA2-694	Specification: 2 Points	Front Sway Bar / Front Stabilizer Bar / Front Anti-roll Bar	Code: UR-AR28-499	Specification: 28mm Solid	Rear Sway Bar / Rear Stabilizer Bar / Rear Anti-roll Bar	Code: UR-AR19-500	Specification: 19mm Solid	Rear Strut Bar / Rear Tower Bar	Code: UR-RE2-2075	Specification: 2 Points,http://ultraracing.my/ecatalog/index.php/product/bmw-e34-5-series-front-strut-bar-front-tower-bar/
bmw,bmw-e34-5-series,BMW E34 5 Series Front Sway Bar / Front Stabilizer Bar / Front Anti-roll Bar,UR-LA2-694,2 Points,Front Lower Bar / Front Member Brace	Code: UR-LA2-694	Specification: 2 Points	Rear Sway Bar / Rear Stabilizer Bar / Rear Anti-roll Bar	Code: UR-AR19-500	Specification: 19mm Solid	Rear Strut Bar / Rear Tower Bar	Code: UR-RE2-2075	Specification: 2 Points	Front Strut Bar / Front Tower Bar	Code: UR-TW2-078	Specification: 2 Points	Remark: For 523i Only,http://ultraracing.my/ecatalog/index.php/product/bmw-e34-5-series-front-sway-bar-front-stabilizer-bar-front-anti-roll-bar/
bmw,bmw-e32-7-series,BMW E32 7 Series Front Lower Bar / Front Member Brace,UR-TW2-178,,Front Strut Bar / Front Tower Bar	Code: UR-TW2-178	Specification: 2 Points,http://ultraracing.my/ecatalog/index.php/product/bmw-e32-7-series-front-lower-bar-front-member-brace/
bmw,bmw-e36-3-series,BMW E36 3 Series Rear Strut Bar / Rear Tower Bar,UR-AR28-278,28mm solid with Polyurethane Bushing (Standard 24mm Solid),Front Anti-roll Bar / Front Sway Bar / Front Stabilizer Bar	Code: UR-AR28-278	Specification: 28mm solid with Polyurethane Bushing (Standard 24mm Solid)	Front Lower Bar / Front Member Brace	Code: UR-LA4-1278	Specification: 4 Points (For 325 Only)	Front Strut Bar / Front Tower Bar	Code: UR-TW2-100	Specification: 2 points (For 318 Timing Belt Only)	Front Lower Bar / Front Member Brace	Code: UR-LA4-940	Specification: 4 Points (For 328 / 318 Only),http://ultraracing.my/ecatalog/index.php/product/bmw-e36-3-series-rear-strut-bar-rear-tower-bar/
bmw,bmw-e36-3-series,BMW E36 3 Series Front Lower Bar / Front Member Brace,UR-TW2-311,2 points (For 318 Timing Chain Only),Front Strut Bar / Front Tower Bar	Code: UR-TW2-311	Specification: 2 points (For 318 Timing Chain Only)	Front Lower Bar / Front Member Brace	Code: UR-LA4-940	Specification: 4 Points (For 328 / 318 Only)	Front Strut Bar / Front Tower Bar	Code: UR-TW2-100	Specification: 2 points (For 318 Timing Belt Only)	Front Anti-roll Bar / Front Sway Bar / Front Stabilizer Bar	Code: UR-AR28-278	Specification: 28mm solid with Polyurethane Bushing (Standard 24mm Solid),http://ultraracing.my/ecatalog/index.php/product/bmw-e36-3-series-front-lower-bar-front-member-brace/
bmw,bmw-e36-3-series,BMW E36 3 Series Front Strut Bar / Front Tower Bar,UR-LA4-1278,4 Points (For 325 Only),Front Lower Bar / Front Member Brace	Code: UR-LA4-1278	Specification: 4 Points (For 325 Only)	Front Anti-roll Bar / Front Sway Bar / Front Stabilizer Bar	Code: UR-AR28-278	Specification: 28mm solid with Polyurethane Bushing (Standard 24mm Solid)	Front Lower Bar / Front Member Brace	Code: UR-LA4-940	Specification: 4 Points (For 328 / 318 Only)	Front Strut Bar / Front Tower Bar	Code: UR-TW2-311	Specification: 2 points (For 318 Timing Chain Only),http://ultraracing.my/ecatalog/index.php/product/bmw-e36-3-series-front-strut-bar-front-tower-bar/
bmw,bmw-e36-3-series,BMW E36 3 Series Front Strut Bar / Front Tower Bar,UR-TW2-100,2 points (For 318 Timing Belt Only),Front Strut Bar / Front Tower Bar	Code: UR-TW2-100	Specification: 2 points (For 318 Timing Belt Only)	Front Lower Bar / Front Member Brace	Code: UR-LA4-1278	Specification: 4 Points (For 325 Only)	Front Anti-roll Bar / Front Sway Bar / Front Stabilizer Bar	Code: UR-AR28-278	Specification: 28mm solid with Polyurethane Bushing (Standard 24mm Solid)	Front Lower Bar / Front Member Brace	Code: UR-LA4-940	Specification: 4 Points (For 328 / 318 Only),http://ultraracing.my/ecatalog/index.php/product/bmw-e36-3-series-front-strut-bar-front-tower-bar-2/
bmw,bmw-e37-z3-1-9-roadster-2wd-1995,BMW E37 Z3 1.9 (Roadster) 2WD (1995) Middle Member Brace / Middle Lower Bar,URTW-LA4-2972,4 Points,Front Member Brace / Front Lower Bar	Code: URTW-LA4-2972	Specification: 4 Points	Remark: For Manual Transmission	(Fabrication based on Taiwan models)	Rear Member Brace / Rear Lower Bar	Code: URTW-RL2-2974	Specification: 2 Points	Remark: For Manual Transmission	(Fabrication based on Taiwan models)	Front Strut Bar / Front Upper Brace / Front Tower Bar	Code: URTW-TW2-2971	Specification: 2 Points	Remark: For Manual Transmission	(Fabrication based on Taiwan models),http://ultraracing.my/ecatalog/index.php/product/bmw-e37-z3-1-9-roadster-2wd-1995-middle-member-brace-middle-lower-bar/
bmw,bmw-e36-3-series,BMW E36 3 Series Front Strut Bar / Front Tower Bar,UR-LA4-940,4 Points (For 328 / 318 Only),Front Lower Bar / Front Member Brace	Code: UR-LA4-940	Specification: 4 Points (For 328 / 318 Only)	Front Strut Bar / Front Tower Bar	Code: UR-TW2-100	Specification: 2 points (For 318 Timing Belt Only)	Front Lower Bar / Front Member Brace	Code: UR-LA4-1278	Specification: 4 Points (For 325 Only)	Front Anti-roll Bar / Front Sway Bar / Front Stabilizer Bar	Code: UR-AR28-278	Specification: 28mm solid with Polyurethane Bushing (Standard 24mm Solid),http://ultraracing.my/ecatalog/index.php/product/bmw-e36-3-series-front-strut-bar-front-tower-bar-3/
bmw,bmw-e36-3-series,BMW E36 3 Series Front Anti-roll Bar / Front Sway Bar / Front Stabilizer Bar,UR-TW2-311,2 points (For 318 Timing Chain Only),Front Strut Bar / Front Tower Bar	Code: UR-TW2-311	Specification: 2 points (For 318 Timing Chain Only)	Front Lower Bar / Front Member Brace	Code: UR-LA4-940	Specification: 4 Points (For 328 / 318 Only)	Front Lower Bar / Front Member Brace	Code: UR-LA4-1278	Specification: 4 Points (For 325 Only)	Front Strut Bar / Front Tower Bar	Code: UR-TW2-100	Specification: 2 points (For 318 Timing Belt Only),http://ultraracing.my/ecatalog/index.php/product/bmw-e36-3-series-front-anti-roll-bar-front-sway-bar-front-stabilizer-bar/
bmw,bmw-e37-z3-1-9-roadster-2wd-1995,BMW E37 Z3 1.9 (Roadster) 2WD (1995) Front Strut Bar / Front Upper Brace / Front Tower Bar,URTW-RL2-2974,2 Points,Rear Member Brace / Rear Lower Bar	Code: URTW-RL2-2974	Specification: 2 Points	Remark: For Manual Transmission	(Fabrication based on Taiwan models)	Front Member Brace / Front Lower Bar	Code: URTW-LA4-2972	Specification: 4 Points	Remark: For Manual Transmission	(Fabrication based on Taiwan models)	Middle Member Brace / Middle Lower Bar	Code: URTW-ML2-2973	Specification: 2 Points	Remark: For Manual Transmission	(Fabrication based on Taiwan models),http://ultraracing.my/ecatalog/index.php/product/bmw-e37-z3-1-9-roadster-2wd-1995-front-strut-bar-front-upper-brace-front-tower-bar/
acura,acura-rl-ka-9-3-5-v6-2wd-1996,Acura RL (KA-9) 3.5 V6 2WD (1996) Front Lower Bar / Front Member Brace,URUS-TW2-2361,2 Points,Front Strut Bar / Front Tower Bar	Code: URUS-TW2-2361	Specification: 2 Points	(Fabrication based on USA models),http://ultraracing.my/ecatalog/index.php/product/acura-rl-ka-9-3-5-v6-2wd-1996-front-lower-bar-front-member-brace/
bmw,bmw-e37-z3-1-9-roadster-2wd-1995,BMW E37 Z3 1.9 (Roadster) 2WD (1995) Front Member Brace / Front Lower Bar,URTW-TW2-2971,2 Points,Front Strut Bar / Front Upper Brace / Front Tower Bar	Code: URTW-TW2-2971	Specification: 2 Points	Remark: For Manual Transmission	(Fabrication based on Taiwan models)	Middle Member Brace / Middle Lower Bar	Code: URTW-ML2-2973	Specification: 2 Points	Remark: For Manual Transmission	(Fabrication based on Taiwan models)	Rear Member Brace / Rear Lower Bar	Code: URTW-RL2-2974	Specification: 2 Points	Remark: For Manual Transmission	(Fabrication based on Taiwan models),http://ultraracing.my/ecatalog/index.php/product/bmw-e37-z3-1-9-roadster-2wd-1995-front-member-brace-front-lower-bar/
bmw,bmw-e36-3-series,BMW E36 3 Series Front Lower Bar / Front Member Brace,UR-LA4-1278,4 Points (For 325 Only),Front Lower Bar / Front Member Brace	Code: UR-LA4-1278	Specification: 4 Points (For 325 Only)	Front Anti-roll Bar / Front Sway Bar / Front Stabilizer Bar	Code: UR-AR28-278	Specification: 28mm solid with Polyurethane Bushing (Standard 24mm Solid)	Front Strut Bar / Front Tower Bar	Code: UR-TW2-311	Specification: 2 points (For 318 Timing Chain Only)	Front Strut Bar / Front Tower Bar	Code: UR-TW2-100	Specification: 2 points (For 318 Timing Belt Only),http://ultraracing.my/ecatalog/index.php/product/bmw-e36-3-series-front-lower-bar-front-member-brace-2/
volvo,volvo-xc60-t5-2-0t-2011,Volvo XC60 (T5) 2.0T (2011) Rear Lower Bar / Rear Member Brace,UR-TW2-2170,,Front Strut Bar / Front Tower Bar	Code: UR-TW2-2170	Specification: 2 Points,http://ultraracing.my/ecatalog/index.php/product/volvo-xc60-t5-2-0t-2011-rear-lower-bar-rear-member-brace/
volvo,volvo-xc60-t5-2-0t-2011,Volvo XC60 (T5) 2.0T (2011) Rear Anti-roll Bar / Rear Sway Bar / Rear Stabilizer Bar,UR-TW2-2170,,Front Strut Bar / Front Tower Bar	Code: UR-TW2-2170	Specification: 2 Points,http://ultraracing.my/ecatalog/index.php/product/volvo-xc60-t5-2-0t-2011-rear-anti-roll-bar-rear-sway-bar-rear-stabilizer-bar/
volvo,volvo-xc60-t5-2-0t-2011,Volvo XC60 (T5) 2.0T (2011) Rear Lower Bar / Rear Member Brace,UR-TW2-2170,,Front Strut Bar / Front Tower Bar	Code: UR-TW2-2170	Specification: 2 Points,http://ultraracing.my/ecatalog/index.php/product/volvo-xc60-t5-2-0t-2011-rear-lower-bar-rear-member-brace-2/
volvo,volvo-v60-t5-2-0t-2010,Volvo V60 T5 2.0T (2010) Rear Lower Bar / Rear Member Brace,UR-TW2-1913,,Front Strut Bar / Front Tower Bar	Code: UR-TW2-1913	Specification: 2 Points,http://ultraracing.my/ecatalog/index.php/product/volvo-v60-t5-2-0t-2010-rear-lower-bar-rear-member-brace-2/
volvo,volvo-xc-90-d5-4wd-2-4d-2012,Volvo XC-90 D5 (4WD) 2.4D (2012) Rear Lower Bar / Rear Member Brace,UR-TW2-1126,,Front Strut Bar / Front Tower Bar	Code: UR-TW2-1126	Specification: 2 Points,http://ultraracing.my/ecatalog/index.php/product/volvo-xc-90-d5-4wd-2-4d-2012-rear-lower-bar-rear-member-brace/
volvo,volvo-s80-2wd-2-4d-2010,Volvo S80 (2WD) 2.4D (2010) Rear Lower Bar / Rear Member Brace,UR-TW2-1812,,Front Strut Bar / Front Tower Bar	Code: UR-TW2-1812	Specification: 2 Points,http://ultraracing.my/ecatalog/index.php/product/volvo-s80-2wd-2-4d-2010-rear-lower-bar-rear-member-brace/
volvo,volvo-s80-2-5t-2003,Volvo S80 2.5T (2003) Rear Strut Bar / Rear Tower Bar,UR-TW2-926,,Front Strut Bar / Front Tower Bar	Code: UR-TW2-926	Specification: 2 Points,http://ultraracing.my/ecatalog/index.php/product/volvo-s80-2-5t-2003-rear-strut-bar-rear-tower-bar/
volvo,volvo-s60,Volvo S60 Rear Strut Bar / Rear Tower Bar,UR-TW2-192,,Front Strut Bar / Front Tower Bar	Code: UR-TW2-192	Specification: 2 Points,http://ultraracing.my/ecatalog/index.php/product/volvo-s60-rear-strut-bar-rear-tower-bar/
volvo,volvo-v60-t5-2wd-2-5-2014,Volvo V60 T5 (2WD) 2.5 (2014) Rear Lower Bar / Rear Member Brace,UR-TW2-1913,,Front Strut Bar / Front Tower Bar	Code: UR-TW2-1913	Specification: 2 Points,http://ultraracing.my/ecatalog/index.php/product/volvo-v60-t5-2wd-2-5-2014-rear-lower-bar-rear-member-brace-2/
volvo,volvo-s80l-2-0t-2011,Volvo S80L 2.0T (2011) Rear Lower Bar / Rear Member Brace,UR-TW2-1812,,Front Strut Bar / Front Tower Bar	Code: UR-TW2-1812	Specification: 2 Points,http://ultraracing.my/ecatalog/index.php/product/volvo-s80l-2-0t-2011-rear-lower-bar-rear-member-brace/
volvo,volvo-v50,Volvo V50 Rear Anti-roll Bar / Rear Sway Bar / Rear Stabilizer Bar,,,,http://ultraracing.my/ecatalog/index.php/product/volvo-v50-rear-anti-roll-bar-rear-sway-bar-rear-stabilizer-bar/
volvo,volvo-s80-2-5t-2003,Volvo S80 2.5T (2003) Front Strut Bar / Front Tower Bar,UR-RE2-927,,Rear Strut Bar / Rear Tower Bar	Code: UR-RE2-927	Specification: 2 Points,http://ultraracing.my/ecatalog/index.php/product/volvo-s80-2-5t-2003-front-strut-bar-front-tower-bar/
volvo,volvo-s60r,Volvo S60R Rear Strut Bar / Rear Tower Bar,UR-TW2-192,,Front Strut Bar / Front Tower Bar	Code: UR-TW2-192	Specification: 2 Points,http://ultraracing.my/ecatalog/index.php/product/volvo-s60r-rear-strut-bar-rear-tower-bar/
volvo,volvo-s60r,Volvo S60R Front Strut Bar / Front Tower Bar,,,,http://ultraracing.my/ecatalog/index.php/product/volvo-s60r-front-strut-bar-front-tower-bar/
volvo,volvo-s40-07-2-4-2wd-2004,Volvo S40-07 2.4 2WD (2004) Rear Tower Bar / Rear Strut Bar,,,,http://ultraracing.my/ecatalog/index.php/product/volvo-s40-07-2-4-2wd-2004-rear-tower-bar-rear-strut-bar/
volvo,volvo-v60-t4-1-6t-2010,Volvo V60 T4 1.6T (2010) Rear Lower Bar / Rear Member Brace,UR-TW2-1913,,Front Strut Bar / Front Tower Bar	Code: UR-TW2-1913	Specification: 2 Points,http://ultraracing.my/ecatalog/index.php/product/volvo-v60-t4-1-6t-2010-rear-lower-bar-rear-member-brace-2/
volvo,volvo-s80-2-5t-2003,Volvo S80 2.5T (2003) Rear Lower Bar / Rear Member Brace,UR-TW2-926,2 Points,Front Strut Bar / Front Tower Bar	Code: UR-TW2-926	Specification: 2 Points	Rear Strut Bar / Rear Tower Bar	Code: UR-RE2-927	Specification: 2 Points,http://ultraracing.my/ecatalog/index.php/product/volvo-s80-2-5t-2003-rear-lower-bar-rear-member-brace/
volvo,volvo-v60-t4-1-6t-2010,Volvo V60 T4 1.6T (2010) Middle Lower Bar / Middle Member Brace,UR-TW2-1913,,Front Strut Bar / Front Tower Bar	Code: UR-TW2-1913	Specification: 2 Points,http://ultraracing.my/ecatalog/index.php/product/volvo-v60-t4-1-6t-2010-middle-lower-bar-middle-member-brace/
volvo,volvo-v60-t4-1-6t-2010,Volvo V60 T4 1.6T (2010) Front Strut Bar / Front Tower Bar,,,,http://ultraracing.my/ecatalog/index.php/product/volvo-v60-t4-1-6t-2010-front-strut-bar-front-tower-bar/
volvo,volvo-s60r,Volvo S60R Front Lower Bar / Front Member Brace,UR-TW2-192,,Front Strut Bar / Front Tower Bar	Code: UR-TW2-192	Specification: 2 Points,http://ultraracing.my/ecatalog/index.php/product/volvo-s60r-front-lower-bar-front-member-brace/
volvo,volvo-s40-v40,Volvo S40 / V40 Front Strut Bar / Front Tower Bar,UR-AR19-002,19mm Solid with Polyurethane Bushing (Standard 12mm Solid),Rear Anti-roll Bar / Rear Sway Bar / Rear Stabilizer Bar	Code: UR-AR19-002	Specification: 19mm Solid with Polyurethane Bushing (Standard 12mm Solid)	Rear Strut Bar / Rear Tower Bar	Code: UR-RE2-059	Specification: 2 Points	Front Strut Bar / Front Tower Bar	Code: UR-TW2-1410	Specification: 2 Points (For S40 2.0T Only),http://ultraracing.my/ecatalog/index.php/product/volvo-s40-v40-front-strut-bar-front-tower-bar-3/
volvo,volvo-s40-v40,Volvo S40 / V40 Front Strut Bar / Front Tower Bar,UR-RE2-059,2 Points,Rear Strut Bar / Rear Tower Bar	Code: UR-RE2-059	Specification: 2 Points	Front Strut Bar / Front Tower Bar	Code: UR-TW2-061	Specification: 2 Points (For V40 Only)	Rear Anti-roll Bar / Rear Sway Bar / Rear Stabilizer Bar	Code: UR-AR19-002	Specification: 19mm Solid with Polyurethane Bushing (Standard 12mm Solid),http://ultraracing.my/ecatalog/index.php/product/volvo-s40-v40-front-strut-bar-front-tower-bar/
volvo,volvo-s40-v40,Volvo S40 / V40 Front Lower Bar / Front Member Brace,UR-TW2-061,2 Points (For V40 Only),Front Strut Bar / Front Tower Bar	Code: UR-TW2-061	Specification: 2 Points (For V40 Only)	Front Strut Bar / Front Tower Bar	Code: UR-TW2-1410	Specification: 2 Points (For S40 2.0T Only)	Rear Anti-roll Bar / Rear Sway Bar / Rear Stabilizer Bar	Code: UR-AR19-002	Specification: 19mm Solid with Polyurethane Bushing (Standard 12mm Solid)	Rear Strut Bar / Rear Tower Bar	Code: UR-RE2-059	Specification: 2 Points,http://ultraracing.my/ecatalog/index.php/product/volvo-s40-v40-front-lower-bar-front-member-brace/
volvo,volvo-v60-t4-1-6t-2010,Volvo V60 T4 1.6T (2010) Rear Lower Bar / Rear Member Brace,UR-TW2-1913,,Front Strut Bar / Front Tower Bar	Code: UR-TW2-1913	Specification: 2 Points,http://ultraracing.my/ecatalog/index.php/product/volvo-v60-t4-1-6t-2010-rear-lower-bar-rear-member-brace/
volvo,volvo-s60r,Volvo S60R Rear Lower Bar / Rear Member Brace,UR-TW2-192,,Front Strut Bar / Front Tower Bar	Code: UR-TW2-192	Specification: 2 Points,http://ultraracing.my/ecatalog/index.php/product/volvo-s60r-rear-lower-bar-rear-member-brace/
volvo,volvo-s40-v40,Volvo S40 / V40 Rear Anti-roll Bar / Rear Sway Bar / Rear Stabilizer Bar,UR-TW2-1410,2 Points (For S40 2.0T Only),Front Strut Bar / Front Tower Bar	Code: UR-TW2-1410	Specification: 2 Points (For S40 2.0T Only)	Rear Strut Bar / Rear Tower Bar	Code: UR-RE2-059	Specification: 2 Points	Front Strut Bar / Front Tower Bar	Code: UR-TW2-061	Specification: 2 Points (For V40 Only),http://ultraracing.my/ecatalog/index.php/product/volvo-s40-v40-rear-anti-roll-bar-rear-sway-bar-rear-stabilizer-bar/
volvo,volvo-s60,Volvo S60 Rear Lower Bar / Rear Member Brace,UR-TW2-192,,Front Strut Bar / Front Tower Bar	Code: UR-TW2-192	Specification: 2 Points,http://ultraracing.my/ecatalog/index.php/product/volvo-s60-rear-lower-bar-rear-member-brace/
volvo,volvo-v60-t4-1-6t-2010,Volvo V60 T4 1.6T (2010) Front Lower Bar / Front Member Brace,UR-TW2-1913,,Front Strut Bar / Front Tower Bar	Code: UR-TW2-1913	Specification: 2 Points,http://ultraracing.my/ecatalog/index.php/product/volvo-v60-t4-1-6t-2010-front-lower-bar-front-member-brace/
volvo,volvo-s60,Volvo S60 Front Strut Bar / Front Tower Bar,,,,http://ultraracing.my/ecatalog/index.php/product/volvo-s60-front-strut-bar-front-tower-bar/
volvo,volvo-s80-2wd-2-4d-2010,Volvo S80 (2WD) 2.4D (2010) Middle Lower Bar / Middle Member Brace,UR-TW2-1812,,Front Strut Bar / Front Tower Bar	Code: UR-TW2-1812	Specification: 2 Points,http://ultraracing.my/ecatalog/index.php/product/volvo-s80-2wd-2-4d-2010-middle-lower-bar-middle-member-brace/
volvo,volvo-v60-t4-1-6t-2010,Volvo V60 T4 1.6T (2010) Front Anti-roll Bar / Front Sway Bar / Front Stabilizer Bar,UR-TW2-1913,,Front Strut Bar / Front Tower Bar	Code: UR-TW2-1913	Specification: 2 Points,http://ultraracing.my/ecatalog/index.php/product/volvo-v60-t4-1-6t-2010-front-anti-roll-bar-front-sway-bar-front-stabilizer-bar/
volvo,volvo-s40-v40,Volvo S40 / V40 Rear Strut Bar / Rear Tower Bar,UR-TW2-061,2 Points (For V40 Only),Front Strut Bar / Front Tower Bar	Code: UR-TW2-061	Specification: 2 Points (For V40 Only)	Rear Anti-roll Bar / Rear Sway Bar / Rear Stabilizer Bar	Code: UR-AR19-002	Specification: 19mm Solid with Polyurethane Bushing (Standard 12mm Solid)	Front Strut Bar / Front Tower Bar	Code: UR-TW2-1410	Specification: 2 Points (For S40 2.0T Only),http://ultraracing.my/ecatalog/index.php/product/volvo-s40-v40-rear-strut-bar-rear-tower-bar/
volvo,volvo-s40-07-2-4-2wd-2004,Volvo S40-07 2.4 2WD (2004) Middle Member Brace / Middle Lower Bar,UR-RE2-2861A,,Rear Tower Bar / Rear Strut Bar	Code: UR-RE2-2861A	Specification: 2 Points (Adjustable),http://ultraracing.my/ecatalog/index.php/product/volvo-s40-07-2-4-2wd-2004-middle-member-brace-middle-lower-bar/
volvo,volvo-s60,Volvo S60 Front Lower Bar / Front Member Brace,UR-TW2-192,,Front Strut Bar / Front Tower Bar	Code: UR-TW2-192	Specification: 2 Points,http://ultraracing.my/ecatalog/index.php/product/volvo-s60-front-lower-bar-front-member-brace/
volvo,volvo-s80l-2-0t-2011,Volvo S80L 2.0T (2011) Middle Lower Bar / Middle Member Brace,UR-TW2-1812,,Front Strut Bar / Front Tower Bar	Code: UR-TW2-1812	Specification: 2 Points,http://ultraracing.my/ecatalog/index.php/product/volvo-s80l-2-0t-2011-middle-lower-bar-middle-member-brace/
volvo,volvo-s80-2wd-2-4d-2010,Volvo S80 (2WD) 2.4D (2010) Front Lower Bar / Front Member Brace,UR-TW2-1812,,Front Strut Bar / Front Tower Bar	Code: UR-TW2-1812	Specification: 2 Points,http://ultraracing.my/ecatalog/index.php/product/volvo-s80-2wd-2-4d-2010-front-lower-bar-front-member-brace/
volvo,volvo-s80-2wd-2-4d-2010,Volvo S80 (2WD) 2.4D (2010) Front Strut Bar / Front Tower Bar,,,,http://ultraracing.my/ecatalog/index.php/product/volvo-s80-2wd-2-4d-2010-front-strut-bar-front-tower-bar/
volvo,volvo-v60-t5-2wd-2-5-2014,Volvo V60 T5 (2WD) 2.5 (2014) Middle Lower Bar / Middle Member Brace,UR-TW2-1913,,Front Strut Bar / Front Tower Bar	Code: UR-TW2-1913	Specification: 2 Points,http://ultraracing.my/ecatalog/index.php/product/volvo-v60-t5-2wd-2-5-2014-middle-lower-bar-middle-member-brace/
volvo,volvo-v60-t5-2wd-2-5-2014,Volvo V60 T5 (2WD) 2.5 (2014) Rear Lower Bar / Rear Member Brace,UR-TW2-1913,,Front Strut Bar / Front Tower Bar	Code: UR-TW2-1913	Specification: 2 Points,http://ultraracing.my/ecatalog/index.php/product/volvo-v60-t5-2wd-2-5-2014-rear-lower-bar-rear-member-brace/
volvo,volvo-s90,Volvo S90 Front Strut Bar / Front Tower Bar,,,,http://ultraracing.my/ecatalog/index.php/product/volvo-s90-front-strut-bar-front-tower-bar/
volvo,volvo-v60-t5-2wd-2-5-2014,Volvo V60 T5 (2WD) 2.5 (2014) Front Lower Bar / Front Member Brace,UR-TW2-1913,,Front Strut Bar / Front Tower Bar	Code: UR-TW2-1913	Specification: 2 Points,http://ultraracing.my/ecatalog/index.php/product/volvo-v60-t5-2wd-2-5-2014-front-lower-bar-front-member-brace/
volvo,volvo-v60-t5-2wd-2-5-2014,Volvo V60 T5 (2WD) 2.5 (2014) Front Strut Bar / Front Tower Bar,,,,http://ultraracing.my/ecatalog/index.php/product/volvo-v60-t5-2wd-2-5-2014-front-strut-bar-front-tower-bar/
volvo,volvo-s80l-2-0t-2011,Volvo S80L 2.0T (2011) Front Lower Bar / Front Member Brace,UR-TW2-1812,,Front Strut Bar / Front Tower Bar	Code: UR-TW2-1812	Specification: 2 Points,http://ultraracing.my/ecatalog/index.php/product/volvo-s80l-2-0t-2011-front-lower-bar-front-member-brace/
volvo,volvo-s80l-2-0t-2011,Volvo S80L 2.0T (2011)  Front Strut Bar / Front Tower Bar,,,,http://ultraracing.my/ecatalog/index.php/product/volvo-s80l-2-0t-2011-front-strut-bar-front-tower-bar/
volvo,volvo-xc-90-d5-4wd-2-4d-2012,Volvo XC-90 D5 (4WD) 2.4D (2012) Front Member Brace / Front Lower Bar,UR-TW2-1126,,Front Strut Bar / Front Tower Bar	Code: UR-TW2-1126	Specification: 2 Points,http://ultraracing.my/ecatalog/index.php/product/volvo-xc-90-d5-4wd-2-4d-2012-front-member-brace-front-lower-bar/
volvo,volvo-xc-90-d5-4wd-2-4d-2012,Volvo XC-90 D5 (4WD) 2.4D (2012) Front Strut Bar / Front Tower Bar,,,,http://ultraracing.my/ecatalog/index.php/product/volvo-xc-90-d5-4wd-2-4d-2012-front-strut-bar-front-tower-bar/
volvo,volvo-v60-t5-2-0t-2010,Volvo V60 T5 2.0T (2010) Front Strut Bar / Front Tower Bar,,,,http://ultraracing.my/ecatalog/index.php/product/volvo-v60-t5-2-0t-2010-front-strut-bar-front-tower-bar/
volvo,volvo-v60-t5-2-0t-2010,Volvo V60 T5 2.0T (2010) Middle Lower Bar / Middle Member Brace,UR-TW2-1913,,Front Strut Bar / Front Tower Bar	Code: UR-TW2-1913	Specification: 2 Points,http://ultraracing.my/ecatalog/index.php/product/volvo-v60-t5-2-0t-2010-middle-lower-bar-middle-member-brace/
volvo,volvo-xc60-t5-2-0t-2011,Volvo XC60 (T5) 2.0T (2011) Middle Lower Bar / Middle Member Brace,UR-TW2-2170,,Front Strut Bar / Front Tower Bar	Code: UR-TW2-2170	Specification: 2 Points,http://ultraracing.my/ecatalog/index.php/product/volvo-xc60-t5-2-0t-2011-middle-lower-bar-middle-member-brace/
volvo,volvo-s80-2-5t-2003,Volvo S80 2.5T (2003) Front Lower Bar / Front Member Brace,UR-TW2-926,2 Points,Front Strut Bar / Front Tower Bar	Code: UR-TW2-926	Specification: 2 Points	Rear Strut Bar / Rear Tower Bar	Code: UR-RE2-927	Specification: 2 Points,http://ultraracing.my/ecatalog/index.php/product/volvo-s80-2-5t-2003-front-lower-bar-front-member-brace/
volvo,volvo-xc60-t5-2-0t-2011,Volvo XC60 (T5) 2.0T (2011) Front Strut Bar / Front Tower Bar,,,,http://ultraracing.my/ecatalog/index.php/product/volvo-xc60-t5-2-0t-2011-front-strut-bar-front-tower-bar/
volvo,volvo-xc60-t5-2-0t-2011,Volvo XC60 (T5) 2.0T (2011) Front Lower Bar / Front Member Brace,UR-TW2-2170,,Front Strut Bar / Front Tower Bar	Code: UR-TW2-2170	Specification: 2 Points,http://ultraracing.my/ecatalog/index.php/product/volvo-xc60-t5-2-0t-2011-front-lower-bar-front-member-brace/
volvo,volvo-v60-t5-2-0t-2010,Volvo V60 T5 2.0T (2010) Front Lower Bar / Front Member Brace,UR-TW2-1913,,Front Strut Bar / Front Tower Bar	Code: UR-TW2-1913	Specification: 2 Points,http://ultraracing.my/ecatalog/index.php/product/volvo-v60-t5-2-0t-2010-front-lower-bar-front-member-brace/
volvo,volvo-v60-t5-2-0t-2010,Volvo V60 T5 2.0T (2010) Rear Lower Bar / Rear Member Brace,UR-TW2-1913,,Front Strut Bar / Front Tower Bar	Code: UR-TW2-1913	Specification: 2 Points,http://ultraracing.my/ecatalog/index.php/product/volvo-v60-t5-2-0t-2010-rear-lower-bar-rear-member-brace/
volvo,volvo-940,Volvo 940 Rear Anti-roll Bar / Rear Sway Bar / Rear Stabilizer Bar,UR-TW2-1038,,Front Strut Bar / Front Tower Bar	Code: UR-TW2-1038	Specification: 2 Points,http://ultraracing.my/ecatalog/index.php/product/volvo-940-rear-anti-roll-bar-rear-sway-bar-rear-stabilizer-bar/
volvo,volvo-c30-2-0-2007,Volvo C30 2.0 (2007) Front Strut Bar / Front Tower Bar,,,,http://ultraracing.my/ecatalog/index.php/product/volvo-c30-2-0-2007-front-strut-bar-front-tower-bar/
volvo,volvo-v60-t5-2-0t-2010,Volvo V60 T5 2.0T (2010) Front Anti-roll Bar / Front Sway Bar / Front Stabilizer Bar,UR-TW2-1913,,Front Strut Bar / Front Tower Bar	Code: UR-TW2-1913	Specification: 2 Points,http://ultraracing.my/ecatalog/index.php/product/volvo-v60-t5-2-0t-2010-front-anti-roll-bar-front-sway-bar-front-stabilizer-bar/
volvo,volvo-850,Volvo 850 Side Lower Bar / Side Floor Bar,UR-TW2-106,2 Points (For Non-Turbo Only),Front Strut Bar / Front Tower Bar	Code: UR-TW2-106	Specification: 2 Points (For Non-Turbo Only)	Front Strut Bar / Front Tower Bar	Code: UR-TW2-530	Specification: 2 Points (For Turbo OBD 2 Only),http://ultraracing.my/ecatalog/index.php/product/volvo-850-side-lower-bar-side-floor-bar/
volvo,volvo-s40-2007,Volvo S40 (2007) Rear Lower Bar / Rear Member Brace,UR-LA4-627,4 Points,Front Lower Bar / Front Member Brace	Code: UR-LA4-627	Specification: 4 Points	Front Lower Bar / Front Member Brace	Code: UR-LA4-626	Specification: 4 Points	Front Strut Bar / Front Tower Bar	Code: UR-TW2-710	Specification: 2 Points,http://ultraracing.my/ecatalog/index.php/product/volvo-s40-2007-rear-lower-bar-rear-member-brace/
volvo,volvo-240,Volvo 240 Rear Anti-roll Bar / Rear Sway Bar / Rear Stabilizer Bar,UR-TW2-232,,Front Strut Bar / Front Tower Bar	Code: UR-TW2-232	Specification: 2 Points,http://ultraracing.my/ecatalog/index.php/product/volvo-240-rear-anti-roll-bar-rear-sway-bar-rear-stabilizer-bar/
volkswagen,volkswagen-tiguan-2-0t-2007,Volkswagen Tiguan 2.0T (2007) Rear Lower Bar / Rear Member Brace,UR-TW2-1465,2 Points,Front Strut Bar / Front Tower Bar	Code: UR-TW2-1465	Specification: 2 Points	Wheel Drive: 4WD,http://ultraracing.my/ecatalog/index.php/product/volkswagen-tiguan-2-0t-2007-rear-lower-bar-rear-member-brace-2/
volkswagen,volkswagen-touareg-v10-5-0-2002,Volkswagen Touareg V10 5.0 (2002) Middle Lower Bar / Middle Member Brace,,,,http://ultraracing.my/ecatalog/index.php/product/volkswagen-touareg-v10-5-0-2002-middle-lower-bar-middle-member-brace/
volkswagen,volkswagen-tiguan-2-0t-2007,Volkswagen Tiguan 2.0T (2007) Rear Lower Bar / Rear Member Brace,UR-TW2-1465,2 Points,Front Strut Bar / Front Tower Bar	Code: UR-TW2-1465	Specification: 2 Points	Wheel Drive: 4WD,http://ultraracing.my/ecatalog/index.php/product/volkswagen-tiguan-2-0t-2007-rear-lower-bar-rear-member-brace-3/
volkswagen,volkswagen-touareg-v10-5-0-2002,Volkswagen Touareg V10 5.0 (2002) Rear Lower Bar / Rear Member Brace,,,,http://ultraracing.my/ecatalog/index.php/product/volkswagen-touareg-v10-5-0-2002-rear-lower-bar-rear-member-brace/
volkswagen,volkswagen-tiguan-1-8t-2007,Volkswagen Tiguan 1.8T (2007) Rear Lower Bar / Rear Member Brace,UR-TW2-1465,2 Points,Front Strut Bar / Front Tower Bar	Code: UR-TW2-1465	Specification: 2 Points	Wheel Drive: 2WD,http://ultraracing.my/ecatalog/index.php/product/volkswagen-tiguan-1-8t-2007-rear-lower-bar-rear-member-brace-4/
volkswagen,volkswagen-tiguan-4wd-2-0t-2007,Volkswagen Tiguan (4WD) 2.0T (2007) Rear Lower Bar / Rear Member Brace,UR-TW2-1465,2 Points,Front Strut Bar / Front Tower Bar	Code: UR-TW2-1465	Specification: 2 Points	Wheel Drive: 4WD,http://ultraracing.my/ecatalog/index.php/product/volkswagen-tiguan-4wd-2-0t-2007-rear-lower-bar-rear-member-brace-3/
volkswagen,volkswagen-tiguan-4wd-2-0-tsi-2007,Volkswagen Tiguan (4WD) 2.0 TSI (2007) Rear Member Brace / Rear Lower Bar,,,,http://ultraracing.my/ecatalog/index.php/product/volkswagen-tiguan-4wd-2-0-tsi-2007-rear-member-brace-rear-lower-bar/
volkswagen,volkswagen-scirocco-r-line-2wd-2-0d-2008,Volkswagen Scirocco R-Line (2WD) 2.0D (2008) Rear Lower Bar / Rear Member Brace,URKR-TW2-2649,2 Points,Front Strut Bar / Front Upper Brace / Front Tower Bar	Code: URKR-TW2-2649	Specification: 2 Points	(Fabrication based on Korea models)	,http://ultraracing.my/ecatalog/index.php/product/volkswagen-scirocco-r-line-2wd-2-0d-2008-rear-lower-bar-rear-member-brace-2/
volkswagen,volkswagen-scirocco-r-2-0t-2009,Volkswagen Scirocco R 2.0T (2009) Rear Strut Bar / Rear Tower Bar,UR-TW2-1284,2 Points,Front Strut Bar / Front Tower Bar	Code: UR-TW2-1284	Specification: 2 Points	Remark: For Right Hand Drive Only,http://ultraracing.my/ecatalog/index.php/product/volkswagen-scirocco-r-2-0t-2009-rear-strut-bar-rear-tower-bar/
volkswagen,volkswagen-touareg-4wd-3-2-2002,Volkswagen Touareg (4WD) 3.2 (2002) Rear Lower Bar / Rear Member Brace,UR-TW2-2491,,Front Strut Bar / Front Upper Brace / Front Tower Bar	Code: UR-TW2-2491	Specification: 2 Points,http://ultraracing.my/ecatalog/index.php/product/volkswagen-touareg-4wd-3-2-2002-rear-lower-bar-rear-member-brace/
volkswagen,volkswagen-scirocco-r-line-2wd-2-0d-2008,Volkswagen Scirocco R-Line (2WD) 2.0D (2008) Rear Strut Bar / Rear Tower Bar,URKR-TW2-2649,2 Points,Front Strut Bar / Front Upper Brace / Front Tower Bar	Code: URKR-TW2-2649	Specification: 2 Points	(Fabrication based on Korea models)	,http://ultraracing.my/ecatalog/index.php/product/volkswagen-scirocco-r-line-2wd-2-0d-2008-rear-strut-bar-rear-tower-bar/
volkswagen,volkswagen-sharan-mk2-7n-2-0-tdi-2wd-2010,Volkswagen Sharan MK2-7N 2.0 TDI 2WD (2010) Rear Member Brace / Rear Lower Bar,UR-TW2-1858,,Front Strut Bar / Front Tower Bar	Code: UR-TW2-1858	Specification: 2 Points,http://ultraracing.my/ecatalog/index.php/product/volkswagen-sharan-mk2-7n-2-0-tdi-2wd-2010-rear-member-brace-rear-lower-bar-2/
volkswagen,volkswagen-sharan-mk2-7n-2-0-tdi-2wd-2010,Volkswagen Sharan MK2-7N 2.0 TDI 2WD (2010) Rear Member Brace / Rear Lower Bar,UR-TW2-1858,,Front Strut Bar / Front Tower Bar	Code: UR-TW2-1858	Specification: 2 Points,http://ultraracing.my/ecatalog/index.php/product/volkswagen-sharan-mk2-7n-2-0-tdi-2wd-2010-rear-member-brace-rear-lower-bar-3/
volkswagen,volkswagen-touareg-4wd-3-2-2002,Volkswagen Touareg (4WD) 3.2 (2002) Middle Lower Bar / Middle Member Brace,UR-TW2-2491,,Front Strut Bar / Front Upper Brace / Front Tower Bar	Code: UR-TW2-2491	Specification: 2 Points,http://ultraracing.my/ecatalog/index.php/product/volkswagen-touareg-4wd-3-2-2002-middle-lower-bar-middle-member-brace/
volkswagen,volkswagen-sharan-mk2-7n-2-0-tdi-2wd-2010,Volkswagen Sharan MK2-7N 2.0 TDI 2WD (2010) Rear Member Brace / Rear Lower Bar,UR-TW2-1858,,Front Strut Bar / Front Tower Bar	Code: UR-TW2-1858	Specification: 2 Points,http://ultraracing.my/ecatalog/index.php/product/volkswagen-sharan-mk2-7n-2-0-tdi-2wd-2010-rear-member-brace-rear-lower-bar/
volkswagen,volkswagen-scirocco-r-line-2wd-2-0d-2008,Volkswagen Scirocco R-Line (2WD) 2.0D (2008) Rear Lower Bar / Rear Member Brace,UR-RE2-1190,2 Points,Rear Strut Bar / Rear Tower Bar	Code: UR-RE2-1190	Specification: 2 Points	Front Strut Bar / Front Upper Brace / Front Tower Bar	Code: URKR-TW2-2649	Specification: 2 Points	(Fabrication based on Korea models)	,http://ultraracing.my/ecatalog/index.php/product/volkswagen-scirocco-r-line-2wd-2-0d-2008-rear-lower-bar-rear-member-brace/
volkswagen,volkswagen-sharan-mk2-7n-2-0-tdi-2wd-2010,Volkswagen Sharan MK2-7N 2.0 TDI 2WD (2010) Middle Member Brace / Middle Lower Bar,UR-TW2-1858,,Front Strut Bar / Front Tower Bar	Code: UR-TW2-1858	Specification: 2 Points,http://ultraracing.my/ecatalog/index.php/product/volkswagen-sharan-mk2-7n-2-0-tdi-2wd-2010-middle-member-brace-middle-lower-bar/
volkswagen,volkswagen-sharan-mk2-7n-2-0-tdi-2wd-2010,Volkswagen Sharan MK2-7N 2.0 TDI 2WD (2010) Front Strut Bar / Front Tower Bar,,,,http://ultraracing.my/ecatalog/index.php/product/volkswagen-sharan-mk2-7n-2-0-tdi-2wd-2010-front-strut-bar-front-tower-bar/
volkswagen,volkswagen-scirocco-r-line-2wd-2-0d-2008,Volkswagen Scirocco R-Line (2WD) 2.0D (2008) Front Strut Bar / Front Upper Brace / Front Tower Bar,UR-RE2-1190,,Rear Strut Bar / Rear Tower Bar	Code: UR-RE2-1190	Specification: 2 Points,http://ultraracing.my/ecatalog/index.php/product/volkswagen-scirocco-r-line-2wd-2-0d-2008-front-strut-bar-front-upper-brace-front-tower-bar/
volkswagen,volkswagen-sharan-mk2-7n-2-0-tdi-2wd-2010,Volkswagen Sharan MK2-7N 2.0 TDI 2WD (2010) Front Lower Bar / Front Member Brace,UR-TW2-1858,,Front Strut Bar / Front Tower Bar	Code: UR-TW2-1858	Specification: 2 Points,http://ultraracing.my/ecatalog/index.php/product/volkswagen-sharan-mk2-7n-2-0-tdi-2wd-2010-front-lower-bar-front-member-brace/
volkswagen,volkswagen-touareg-4wd-3-2-2002,Volkswagen Touareg (4WD) 3.2 (2002) Front Strut Bar / Front Upper Brace / Front Tower Bar,,,,http://ultraracing.my/ecatalog/index.php/product/volkswagen-touareg-4wd-3-2-2002-front-strut-bar-front-upper-brace-front-tower-bar/
volkswagen,volkswagen-scirocco-r-line-2wd-2-0d-2008,Volkswagen Scirocco R-Line (2WD) 2.0D (2008) Front Lower Bar / Front Member Brace,URKR-TW2-2649,2 Points,Front Strut Bar / Front Upper Brace / Front Tower Bar	Code: URKR-TW2-2649	Specification: 2 Points	(Fabrication based on Korea models)		Rear Strut Bar / Rear Tower Bar	Code: UR-RE2-1190	Specification: 2 Points,http://ultraracing.my/ecatalog/index.php/product/volkswagen-scirocco-r-line-2wd-2-0d-2008-front-lower-bar-front-member-brace/
volkswagen,volkswagen-touareg-4wd-3-2-2002,Volkswagen Touareg (4WD) 3.2 (2002) Front Lower Bar / Front Member Brace,UR-TW2-2491,,Front Strut Bar / Front Upper Brace / Front Tower Bar	Code: UR-TW2-2491	Specification: 2 Points,http://ultraracing.my/ecatalog/index.php/product/volkswagen-touareg-4wd-3-2-2002-front-lower-bar-front-member-brace/
volkswagen,volkswagen-scirocco-r-line-2wd-2-0d-2008,Volkswagen Scirocco R-Line (2WD) 2.0D (2008) Middle Lower Bar / Middle Member Brace,UR-RE2-1190,2 Points,Rear Strut Bar / Rear Tower Bar	Code: UR-RE2-1190	Specification: 2 Points	Front Strut Bar / Front Upper Brace / Front Tower Bar	Code: URKR-TW2-2649	Specification: 2 Points	(Fabrication based on Korea models)	,http://ultraracing.my/ecatalog/index.php/product/volkswagen-scirocco-r-line-2wd-2-0d-2008-middle-lower-bar-middle-member-brace/
volkswagen,volkswagen-scirocco-r-2-0t-2009,Volkswagen Scirocco R 2.0T (2009) Rear Lower Bar / Rear Member Brace,UR-TW2-1284,2 Points,Front Strut Bar / Front Tower Bar	Code: UR-TW2-1284	Specification: 2 Points	Remark: For Right Hand Drive Only	Rear Strut Bar / Rear Tower Bar	Code: UR-RE2-1190	Specification: 2 Points,http://ultraracing.my/ecatalog/index.php/product/volkswagen-scirocco-r-2-0t-2009-rear-lower-bar-rear-member-brace/
volkswagen,volkswagen-scirocco-r-2-0t-2009,Volkswagen Scirocco R 2.0T (2009) Front Lower Bar / Front Member Brace,UR-TW2-1284,2 Points,Front Strut Bar / Front Tower Bar	Code: UR-TW2-1284	Specification: 2 Points	Remark: For Right Hand Drive Only	Rear Strut Bar / Rear Tower Bar	Code: UR-RE2-1190	Specification: 2 Points,http://ultraracing.my/ecatalog/index.php/product/volkswagen-scirocco-r-2-0t-2009-front-lower-bar-front-member-brace/
volkswagen,volkswagen-scirocco-r-2-0t-2009,Volkswagen Scirocco R 2.0T (2009) Middle Lower Bar / Middle Member Brace,UR-TW2-1284,2 Points,Front Strut Bar / Front Tower Bar	Code: UR-TW2-1284	Specification: 2 Points	Remark: For Right Hand Drive Only	Rear Strut Bar / Rear Tower Bar	Code: UR-RE2-1190	Specification: 2 Points,http://ultraracing.my/ecatalog/index.php/product/volkswagen-scirocco-r-2-0t-2009-middle-lower-bar-middle-member-brace/
volkswagen,volkswagen-tiguan-4wd-2-0t-2007,Volkswagen Tiguan (4WD) 2.0T (2007) Rear Anti-roll Bar / Rear Sway Bar / Rear Stabilizer Bar,UR-TW2-1465,2 Points,Front Strut Bar / Front Tower Bar	Code: UR-TW2-1465	Specification: 2 Points	Wheel Drive: 4WD,http://ultraracing.my/ecatalog/index.php/product/volkswagen-tiguan-4wd-2-0t-2007-rear-anti-roll-bar-rear-sway-bar-rear-stabilizer-bar/
volkswagen,volkswagen-scirocco-r-2-0t-2009,Volkswagen Scirocco R 2.0T (2009) Front Strut Bar / Front Tower Bar,UR-RE2-1190,,Rear Strut Bar / Rear Tower Bar	Code: UR-RE2-1190	Specification: 2 Points,http://ultraracing.my/ecatalog/index.php/product/volkswagen-scirocco-r-2-0t-2009-front-strut-bar-front-tower-bar/
volkswagen,volkswagen-tiguan-4wd-2-0t-2007,Volkswagen Tiguan (4WD) 2.0T (2007) Rear Lower Bar / Rear Member Brace,UR-TW2-1465,2 Points,Front Strut Bar / Front Tower Bar	Code: UR-TW2-1465	Specification: 2 Points	Wheel Drive: 4WD,http://ultraracing.my/ecatalog/index.php/product/volkswagen-tiguan-4wd-2-0t-2007-rear-lower-bar-rear-member-brace-2/
volkswagen,volkswagen-tiguan-4wd-2-0t-2007,Volkswagen Tiguan (4WD) 2.0T (2007) Middle Lower Bar / Middle Member Brace,UR-TW2-1465,2 Points,Front Strut Bar / Front Tower Bar	Code: UR-TW2-1465	Specification: 2 Points	Wheel Drive: 4WD,http://ultraracing.my/ecatalog/index.php/product/volkswagen-tiguan-4wd-2-0t-2007-middle-lower-bar-middle-member-brace/
volkswagen,volkswagen-tiguan-4wd-2-0t-2007,Volkswagen Tiguan (4WD) 2.0T (2007) Front Lower Bar / Front Member Brace,UR-TW2-1465,2 Points,Front Strut Bar / Front Tower Bar	Code: UR-TW2-1465	Specification: 2 Points	Wheel Drive: 4WD,http://ultraracing.my/ecatalog/index.php/product/volkswagen-tiguan-4wd-2-0t-2007-front-lower-bar-front-member-brace/
volkswagen,volkswagen-tiguan-1-8t-2007,Volkswagen Tiguan 1.8T (2007) Rear Lower Bar / Rear Member Brace,UR-TW2-1465,2 Points,Front Strut Bar / Front Tower Bar	Code: UR-TW2-1465	Specification: 2 Points	Wheel Drive: 2WD,http://ultraracing.my/ecatalog/index.php/product/volkswagen-tiguan-1-8t-2007-rear-lower-bar-rear-member-brace-3/
volkswagen,volkswagen-tiguan-4wd-2-0t-2007,Volkswagen Tiguan (4WD) 2.0T (2007) Rear Lower Bar / Rear Member Brace,UR-TW2-1465,2 Points,Front Strut Bar / Front Tower Bar	Code: UR-TW2-1465	Specification: 2 Points	Wheel Drive: 4WD,http://ultraracing.my/ecatalog/index.php/product/volkswagen-tiguan-4wd-2-0t-2007-rear-lower-bar-rear-member-brace/
volkswagen,volkswagen-tiguan-4wd-2-0t-2007,Volkswagen Tiguan (4WD) 2.0T (2007) Front Strut Bar / Front Tower Bar,,,,http://ultraracing.my/ecatalog/index.php/product/volkswagen-tiguan-4wd-2-0t-2007-front-strut-bar-front-tower-bar/
volkswagen,volkswagen-tiguan-4wd-2-0t-2007,Volkswagen Tiguan (4WD) 2.0T (2007) Front Lower Bar / Front Member Brace,UR-TW2-1465,2 Points,Front Strut Bar / Front Tower Bar	Code: UR-TW2-1465	Specification: 2 Points	Wheel Drive: 4WD,http://ultraracing.my/ecatalog/index.php/product/volkswagen-tiguan-4wd-2-0t-2007-front-lower-bar-front-member-brace-2/
volkswagen,volkswagen-tiguan-1-8t-2007,Volkswagen Tiguan 1.8T (2007) Middle Lower Bar / Middle Member Brace,UR-TW2-1465,2 Points,Front Strut Bar / Front Tower Bar	Code: UR-TW2-1465	Specification: 2 Points	Wheel Drive: 2WD,http://ultraracing.my/ecatalog/index.php/product/volkswagen-tiguan-1-8t-2007-middle-lower-bar-middle-member-brace/
volkswagen,volkswagen-tiguan-1-8t-2007,Volkswagen Tiguan 1.8T (2007) Rear Lower Bar / Rear Member Brace,UR-TW2-1465,2 Points,Front Strut Bar / Front Tower Bar	Code: UR-TW2-1465	Specification: 2 Points	Wheel Drive: 2WD,http://ultraracing.my/ecatalog/index.php/product/volkswagen-tiguan-1-8t-2007-rear-lower-bar-rear-member-brace/
volkswagen,volkswagen-tiguan-1-8t-2007,Volkswagen Tiguan 1.8T (2007) Front Lower Bar / Front Member Brace,UR-TW2-1465,2 Points,Front Strut Bar / Front Tower Bar	Code: UR-TW2-1465	Specification: 2 Points	Wheel Drive: 2WD,http://ultraracing.my/ecatalog/index.php/product/volkswagen-tiguan-1-8t-2007-front-lower-bar-front-member-brace/
volkswagen,volkswagen-tiguan-2-0t-2007,Volkswagen Tiguan 2.0T (2007) Rear Lower Bar / Rear Member Brace,UR-TW2-1465,2 Points,Front Strut Bar / Front Tower Bar	Code: UR-TW2-1465	Specification: 2 Points	Wheel Drive: 4WD,http://ultraracing.my/ecatalog/index.php/product/volkswagen-tiguan-2-0t-2007-rear-lower-bar-rear-member-brace/
volkswagen,volkswagen-tiguan-1-8t-2007,Volkswagen Tiguan 1.8T (2007) Front Lower Bar / Front Member Brace,UR-TW2-1465,2 Points,Front Strut Bar / Front Tower Bar	Code: UR-TW2-1465	Specification: 2 Points	Wheel Drive: 2WD,http://ultraracing.my/ecatalog/index.php/product/volkswagen-tiguan-1-8t-2007-front-lower-bar-front-member-brace-2/
volkswagen,volkswagen-touareg-v10-5-0-2002,Volkswagen Touareg V10 5.0 (2002) Front Lower Bar / Front Member Brace,,,,http://ultraracing.my/ecatalog/index.php/product/volkswagen-touareg-v10-5-0-2002-front-lower-bar-front-member-brace/
volkswagen,volkswagen-tiguan-2-0t-2007,Volkswagen Tiguan 2.0T (2007) Front Strut Bar / Front Tower Bar,,,,http://ultraracing.my/ecatalog/index.php/product/volkswagen-tiguan-2-0t-2007-front-strut-bar-front-tower-bar/
volkswagen,volkswagen-tiguan-2-0t-2007,Volkswagen Tiguan 2.0T (2007) Middle Lower Bar / Middle Member Brace,UR-TW2-1465,2 Points,Front Strut Bar / Front Tower Bar	Code: UR-TW2-1465	Specification: 2 Points	Wheel Drive: 4WD,http://ultraracing.my/ecatalog/index.php/product/volkswagen-tiguan-2-0t-2007-middle-lower-bar-middle-member-brace/
volkswagen,volkswagen-tiguan-2-0t-2007,Volkswagen Tiguan 2.0T (2007) Front Lower Bar / Front Member Brace,UR-TW2-1465,2 Points,Front Strut Bar / Front Tower Bar	Code: UR-TW2-1465	Specification: 2 Points	Wheel Drive: 4WD,http://ultraracing.my/ecatalog/index.php/product/volkswagen-tiguan-2-0t-2007-front-lower-bar-front-member-brace-2/
volkswagen,volkswagen-tiguan-1-8t-2007,Volkswagen Tiguan 1.8T (2007) Front Strut Bar / Front Tower Bar,,,,http://ultraracing.my/ecatalog/index.php/product/volkswagen-tiguan-1-8t-2007-front-strut-bar-front-tower-bar/
volvo,volvo-240,Volvo 240 Front Lower Bar / Front Member Brace,UR-TW2-232,,Front Strut Bar / Front Tower Bar	Code: UR-TW2-232	Specification: 2 Points,http://ultraracing.my/ecatalog/index.php/product/volvo-240-front-lower-bar-front-member-brace/
volvo,volvo-240,Volvo 240 Front Strut Bar / Front Tower Bar,,,,http://ultraracing.my/ecatalog/index.php/product/volvo-240-front-strut-bar-front-tower-bar/
volvo,volvo-850,Volvo 850 Rear Strut Bar / Rear Tower Bar,UR-TW2-530,2 Points (For Turbo OBD 2 Only),Front Strut Bar / Front Tower Bar	Code: UR-TW2-530	Specification: 2 Points (For Turbo OBD 2 Only)	Front Strut Bar / Front Tower Bar	Code: UR-TW2-106	Specification: 2 Points (For Non-Turbo Only),http://ultraracing.my/ecatalog/index.php/product/volvo-850-rear-strut-bar-rear-tower-bar/
volkswagen,volkswagen-tiguan-2-0t-2007,Volkswagen Tiguan 2.0T (2007) Front Lower Bar / Front Member Brace,UR-TW2-1465,2 Points,Front Strut Bar / Front Tower Bar	Code: UR-TW2-1465	Specification: 2 Points	Wheel Drive: 4WD,http://ultraracing.my/ecatalog/index.php/product/volkswagen-tiguan-2-0t-2007-front-lower-bar-front-member-brace/
volvo,volvo-850,Volvo 850 Front Strut Bar / Front Tower Bar,UR-TW2-530,2 Points (For Turbo OBD 2 Only),Front Strut Bar / Front Tower Bar	Code: UR-TW2-530	Specification: 2 Points (For Turbo OBD 2 Only)	Front Strut Bar / Front Tower Bar	Code: UR-TW2-106	Specification: 2 Points (For Non-Turbo Only),http://ultraracing.my/ecatalog/index.php/product/volvo-850-front-strut-bar-front-tower-bar-4/
volvo,volvo-850,Volvo 850 Rear Anti-roll Bar / Rear Sway Bar / Rear Stabilizer Bar,UR-TW2-106,2 Points (For Non-Turbo Only),Front Strut Bar / Front Tower Bar	Code: UR-TW2-106	Specification: 2 Points (For Non-Turbo Only)	Front Strut Bar / Front Tower Bar	Code: UR-TW2-530	Specification: 2 Points (For Turbo OBD 2 Only),http://ultraracing.my/ecatalog/index.php/product/volvo-850-rear-anti-roll-bar-rear-sway-bar-rear-stabilizer-bar/
volvo,volvo-850,Volvo 850 Rear Lower Bar / Rear Member Brace,UR-TW2-106,2 Points (For Non-Turbo Only),Front Strut Bar / Front Tower Bar	Code: UR-TW2-106	Specification: 2 Points (For Non-Turbo Only)	Front Strut Bar / Front Tower Bar	Code: UR-TW2-530	Specification: 2 Points (For Turbo OBD 2 Only),http://ultraracing.my/ecatalog/index.php/product/volvo-850-rear-lower-bar-rear-member-brace/
volvo,volvo-850,Volvo 850 Rear Strut Bar / Rear Tower Bar,UR-TW2-106,2 Points (For Non-Turbo Only),Front Strut Bar / Front Tower Bar	Code: UR-TW2-106	Specification: 2 Points (For Non-Turbo Only)	Front Strut Bar / Front Tower Bar	Code: UR-TW2-530	Specification: 2 Points (For Turbo OBD 2 Only),http://ultraracing.my/ecatalog/index.php/product/volvo-850-rear-strut-bar-rear-tower-bar-2/
volvo,volvo-s40-2007,Volvo S40 (2007) Front Strut Bar / Front Tower Bar,UR-TW2-710,2 Points,Front Strut Bar / Front Tower Bar	Code: UR-TW2-710	Specification: 2 Points	Front Lower Bar / Front Member Brace	Code: UR-LA4-627	Specification: 4 Points	Front Lower Bar / Front Member Brace	Code: UR-LA4-626	Specification: 4 Points,http://ultraracing.my/ecatalog/index.php/product/volvo-s40-2007-front-strut-bar-front-tower-bar-2/
volvo,volvo-s40-2007,Volvo S40 (2007) Rear Anti-roll Bar / Rear Sway Bar / Rear Stabilizer Bar,UR-LA4-626,4 Points,Front Lower Bar / Front Member Brace	Code: UR-LA4-626	Specification: 4 Points	Front Lower Bar / Front Member Brace	Code: UR-LA4-627	Specification: 4 Points	Front Strut Bar / Front Tower Bar	Code: UR-TW2-1374	Specification: 2 Points	Front Strut Bar / Front Tower Bar	Code: UR-TW2-710	Specification: 2 Points,http://ultraracing.my/ecatalog/index.php/product/volvo-s40-2007-rear-anti-roll-bar-rear-sway-bar-rear-stabilizer-bar/
volvo,volvo-850,Volvo 850 Front Strut Bar / Front Tower Bar,UR-TW2-530,2 Points (For Turbo OBD 2 Only),Front Strut Bar / Front Tower Bar	Code: UR-TW2-530	Specification: 2 Points (For Turbo OBD 2 Only)	Front Strut Bar / Front Tower Bar	Code: UR-TW2-106	Specification: 2 Points (For Non-Turbo Only),http://ultraracing.my/ecatalog/index.php/product/volvo-850-front-strut-bar-front-tower-bar-3/
volvo,volvo-s40-2007,Volvo S40 (2007) Front Lower Bar / Front Member Brace,UR-LA4-626,4 Points,Front Lower Bar / Front Member Brace	Code: UR-LA4-626	Specification: 4 Points	Front Strut Bar / Front Tower Bar	Code: UR-TW2-710	Specification: 2 Points	Front Strut Bar / Front Tower Bar	Code: UR-TW2-1374	Specification: 2 Points,http://ultraracing.my/ecatalog/index.php/product/volvo-s40-2007-front-lower-bar-front-member-brace-2/
volvo,volvo-s40-2007,Volvo S40 (2007) Front Lower Bar / Front Member Brace,UR-TW2-1374,2 Points,Front Strut Bar / Front Tower Bar	Code: UR-TW2-1374	Specification: 2 Points	Front Lower Bar / Front Member Brace	Code: UR-LA4-627	Specification: 4 Points	Front Strut Bar / Front Tower Bar	Code: UR-TW2-710	Specification: 2 Points,http://ultraracing.my/ecatalog/index.php/product/volvo-s40-2007-front-lower-bar-front-member-brace/
volvo,volvo-s40-2007,Volvo S40 (2007) Front Strut Bar / Front Tower Bar,UR-LA4-627,4 Points,Front Lower Bar / Front Member Brace	Code: UR-LA4-627	Specification: 4 Points	Front Strut Bar / Front Tower Bar	Code: UR-TW2-1374	Specification: 2 Points	Front Lower Bar / Front Member Brace	Code: UR-LA4-626	Specification: 4 Points,http://ultraracing.my/ecatalog/index.php/product/volvo-s40-2007-front-strut-bar-front-tower-bar/
volvo,volvo-940,Volvo 940 Front Lower Bar / Front Member Brace,UR-TW2-1038,,Front Strut Bar / Front Tower Bar	Code: UR-TW2-1038	Specification: 2 Points,http://ultraracing.my/ecatalog/index.php/product/volvo-940-front-lower-bar-front-member-brace/
volvo,volvo-940,Volvo 940 Front Strut Bar / Front Tower Bar,,,,http://ultraracing.my/ecatalog/index.php/product/volvo-940-front-strut-bar-front-tower-bar/
volkswagen,volkswagen-scirocco-2008,Volkswagen Scirocco 2.0 (2008) Rear Strut Bar / Rear Tower Bar,UR-TW2-1189,,Front Strut Bar / Front Tower Bar	Code: UR-TW2-1189	Specification: 2 Points,http://ultraracing.my/ecatalog/index.php/product/volkswagen-scirocco-2-0-2008-rear-strut-bar-rear-tower-bar/
volkswagen,volkswagen-r36,Volkswagen R36 Rear Lower Bar / Rear Member Brace,UR-TW2-1252,,Front Strut Bar / Front Tower Bar	Code: UR-TW2-1252	Specification: 2 Points,http://ultraracing.my/ecatalog/index.php/product/volkswagen-r36-rear-lower-bar-rear-member-brace/
volkswagen,volkswagen-r32-2006,Volkswagen R32 (2006) Rear Lower Bar / Rear Member Brace,UR-TW2-1362,,Front Strut Bar / Front Tower Bar	Code: UR-TW2-1362	Specification: 2 Points,http://ultraracing.my/ecatalog/index.php/product/volkswagen-r32-2006-rear-lower-bar-rear-member-brace/
volkswagen,volkswagen-polo-mark-5-1-2-1-4-tsi,Volkswagen Polo Mark 5 1.2 TSI (2009) Front Anti-roll Bar / Front Sway Bar / Front Stabilizer Bar,,,,http://ultraracing.my/ecatalog/index.php/product/volkswagen-polo-mark-5-1-2-tsi-2009-front-anti-roll-bar-front-sway-bar-front-stabilizer-bar/
